-- phpMyAdmin SQL Dump
-- version 4.1.6
-- http://www.phpmyadmin.net
--
-- Host: mysql503.heteml.jp
-- Generation Time: 2017 年 6 月 29 日 18:09
-- サーバのバージョン： 5.6.13-log
-- PHP Version: 5.5.36

SET SQL_MODE = "NO_AUTO_VALUE_ON_ZERO";
SET time_zone = "+00:00";


/*!40101 SET @OLD_CHARACTER_SET_CLIENT=@@CHARACTER_SET_CLIENT */;
/*!40101 SET @OLD_CHARACTER_SET_RESULTS=@@CHARACTER_SET_RESULTS */;
/*!40101 SET @OLD_COLLATION_CONNECTION=@@COLLATION_CONNECTION */;
/*!40101 SET NAMES utf8 */;

--
-- Database: `_swd_ys`
--

-- --------------------------------------------------------

--
-- テーブルの構造 `areas`
--

CREATE TABLE IF NOT EXISTS `areas` (
  `id` int(10) unsigned NOT NULL AUTO_INCREMENT,
  `name` varchar(255) NOT NULL,
  `e_name` varchar(255) NOT NULL,
  `created` datetime DEFAULT NULL,
  `modified` datetime DEFAULT NULL,
  PRIMARY KEY (`id`)
) ENGINE=MyISAM  DEFAULT CHARSET=utf8 AUTO_INCREMENT=5 ;

--
-- テーブルのデータのダンプ `areas`
--

INSERT INTO `areas` (`id`, `name`, `e_name`, `created`, `modified`) VALUES
(1, '日本', 'Japan', '2016-03-12 23:14:08', '2017-01-12 16:36:09'),
(2, '上海', 'Shanghai', '2016-03-12 23:14:31', '2017-01-12 16:36:09'),
(3, '香港', 'Hong Kong', '2016-03-12 23:14:40', '2017-01-12 16:36:09');

-- --------------------------------------------------------

--
-- テーブルの構造 `cake_sessions`
--

CREATE TABLE IF NOT EXISTS `cake_sessions` (
  `id` varchar(255) NOT NULL DEFAULT '',
  `data` text NOT NULL,
  `expires` int(11) DEFAULT NULL,
  PRIMARY KEY (`id`)
) ENGINE=MyISAM DEFAULT CHARSET=utf8;

--
-- テーブルのデータのダンプ `cake_sessions`
--

INSERT INTO `cake_sessions` (`id`, `data`, `expires`) VALUES
('bcc88880be2e2b68af1679f621a949b6', 'Config|a:3:{s:9:"userAgent";s:32:"24ceee6b6c8786eeb0c58073fd97b1a7";s:4:"time";i:1495686473;s:9:"countdown";i:10;}Message|a:0:{}Auth|a:0:{}', 1495686473),
('ba6c64fdee763d90a2f9913e7741821c', 'Config|a:3:{s:9:"userAgent";s:32:"82c282717685edf5b49aa304028a7279";s:4:"time";i:1498812983;s:9:"countdown";i:10;}Message|a:0:{}Auth|a:1:{s:4:"User";a:8:{s:2:"id";s:1:"3";s:8:"username";s:6:"sawada";s:4:"mail";s:29:"n_kono@kakehashi-skysol.co.jp";s:4:"role";s:0:"";s:8:"deadline";N;s:4:"hkey";s:0:"";s:7:"created";s:19:"2016-03-13 13:26:19";s:8:"modified";s:19:"2016-03-13 13:26:19";}}', 1498812983),
('3b4f8dd7ef094f5e7c86fcd55540a138', 'Config|a:3:{s:9:"userAgent";s:32:"2a2742efe79efaa1a8fe9a881ab9603f";s:4:"time";i:1495677942;s:9:"countdown";i:10;}Auth|a:0:{}Message|a:0:{}', 1495677942),
('13d616743bc92de29c24364a486fdcf9', 'Config|a:3:{s:9:"userAgent";s:32:"f9aa6c8b98a9996c7ccd5bd65544ab8e";s:4:"time";i:1495680938;s:9:"countdown";i:10;}Message|a:0:{}Auth|a:1:{s:4:"User";a:8:{s:2:"id";s:1:"3";s:8:"username";s:6:"sawada";s:4:"mail";s:29:"n_kono@kakehashi-skysol.co.jp";s:4:"role";s:0:"";s:8:"deadline";N;s:4:"hkey";s:0:"";s:7:"created";s:19:"2016-03-13 13:26:19";s:8:"modified";s:19:"2016-03-13 13:26:19";}}', 1495680939),
('13280afc3508c45738779c7b78e1a55b', 'Config|a:3:{s:9:"userAgent";s:32:"416473bbbe3487a10769b52550708e9c";s:4:"time";i:1495274559;s:9:"countdown";i:10;}Message|a:0:{}Auth|a:1:{s:4:"User";a:8:{s:2:"id";s:1:"2";s:8:"username";s:5:"maeda";s:4:"mail";s:19:"maeda@lab-art.co.jp";s:4:"role";s:0:"";s:8:"deadline";N;s:4:"hkey";s:0:"";s:7:"created";s:19:"2016-03-13 13:20:32";s:8:"modified";s:19:"2016-03-13 13:20:32";}}', 1495274559),
('f073e27f4bc84791dd5497d77f6d51ab', 'Config|a:3:{s:9:"userAgent";s:32:"2a2742efe79efaa1a8fe9a881ab9603f";s:4:"time";i:1495274265;s:9:"countdown";i:10;}Message|a:0:{}Auth|a:1:{s:4:"User";a:8:{s:2:"id";s:1:"2";s:8:"username";s:5:"maeda";s:4:"mail";s:19:"maeda@lab-art.co.jp";s:4:"role";s:0:"";s:8:"deadline";N;s:4:"hkey";s:0:"";s:7:"created";s:19:"2016-03-13 13:20:32";s:8:"modified";s:19:"2016-03-13 13:20:32";}}', 1495274265);

-- --------------------------------------------------------

--
-- テーブルの構造 `counts`
--

CREATE TABLE IF NOT EXISTS `counts` (
  `id` int(10) unsigned NOT NULL AUTO_INCREMENT,
  `name` varchar(255) NOT NULL,
  `e_name` varchar(255) NOT NULL,
  `created` datetime DEFAULT NULL,
  `modified` datetime DEFAULT NULL,
  PRIMARY KEY (`id`)
) ENGINE=MyISAM  DEFAULT CHARSET=utf8 AUTO_INCREMENT=9 ;

--
-- テーブルのデータのダンプ `counts`
--

INSERT INTO `counts` (`id`, `name`, `e_name`, `created`, `modified`) VALUES
(1, '1/2～1/9', '1/2～1/9', '2016-03-12 23:24:03', '2016-03-12 23:25:09'),
(2, '1/10～1/29', '1/10～1/29', '2016-03-12 23:24:12', '2016-03-12 23:25:09'),
(3, '1/30～1/49', '1/30～1/49', '2016-03-12 23:24:22', '2016-03-12 23:25:09'),
(4, '1/50～1/140', '1/50～1/140', '2016-03-12 23:24:31', '2016-03-12 23:25:09'),
(5, '2/2～2/9', '2/2～2/9', '2016-03-12 23:24:40', '2016-03-12 23:25:09'),
(6, '2/10～2/29', '2/10～2/29', '2016-03-12 23:24:51', '2016-03-12 23:25:09'),
(7, '2/30～2/49', '2/30～2/49', '2016-03-12 23:25:00', '2016-03-12 23:25:09'),
(8, '2/50～2/140', '2/50～2/140', '2016-03-12 23:25:09', '2016-03-12 23:25:09');

-- --------------------------------------------------------

--
-- テーブルの構造 `gauges`
--

CREATE TABLE IF NOT EXISTS `gauges` (
  `id` int(10) unsigned NOT NULL AUTO_INCREMENT,
  `name` varchar(255) NOT NULL,
  `e_name` varchar(255) NOT NULL,
  `created` datetime DEFAULT NULL,
  `modified` datetime DEFAULT NULL,
  PRIMARY KEY (`id`)
) ENGINE=MyISAM  DEFAULT CHARSET=utf8 AUTO_INCREMENT=10 ;

--
-- テーブルのデータのダンプ `gauges`
--

INSERT INTO `gauges` (`id`, `name`, `e_name`, `created`, `modified`) VALUES
(1, '1.5G以上～3G未満', '1.5G and over - less than 3G', '2016-03-12 23:25:43', '2017-03-09 18:12:51'),
(2, '3G以上～5G未満', '3G and over - less than 5G', '2016-03-12 23:25:51', '2017-03-09 18:12:51'),
(3, '5G以上～7G未満', '5G and over - less than 7G', '2016-03-12 23:25:57', '2017-03-09 18:12:51'),
(4, '7G以上～10G未満', '7G and over - less than 10G', '2016-03-12 23:26:03', '2017-03-09 18:12:51'),
(5, '10G以上～12G未満', '10G and over - less than 12G', '2016-03-12 23:26:11', '2017-03-09 18:12:51'),
(6, '12G以上～14G未満', '12G and over - less than 14G', '2016-03-12 23:26:17', '2017-03-09 18:12:51'),
(7, '14G以上～16G未満', '14G and over - less than 16G', '2016-03-12 23:26:25', '2017-03-09 18:12:51'),
(8, '16G以上', '16G and over', '2016-03-12 23:26:34', '2017-03-09 18:12:51'),
(9, 'HAND KNIT', 'HAND KNIT', '2016-03-17 12:24:05', '2017-03-09 18:12:51');

-- --------------------------------------------------------

--
-- テーブルの構造 `materials`
--

CREATE TABLE IF NOT EXISTS `materials` (
  `id` int(10) unsigned NOT NULL AUTO_INCREMENT,
  `name` varchar(255) NOT NULL,
  `e_name` varchar(255) NOT NULL,
  `created` datetime DEFAULT NULL,
  `modified` datetime DEFAULT NULL,
  PRIMARY KEY (`id`)
) ENGINE=MyISAM  DEFAULT CHARSET=utf8 AUTO_INCREMENT=30 ;

--
-- テーブルのデータのダンプ `materials`
--

INSERT INTO `materials` (`id`, `name`, `e_name`, `created`, `modified`) VALUES
(1, 'ACETATE', 'ACETATE', '2016-03-12 23:23:23', '2016-09-26 20:25:37'),
(2, 'ACRYLIC', 'ACRYLIC', '2016-03-12 23:23:23', '2016-09-26 20:25:37'),
(3, 'ALPACA', 'ALPACA', '2016-03-12 23:23:23', '2016-09-26 20:25:37'),
(4, 'ANGORA', 'ANGORA', '2016-03-12 23:23:23', '2016-09-26 20:25:37'),
(5, 'CAMEL', 'CAMEL', '2016-03-12 23:23:23', '2016-09-26 20:25:37'),
(6, 'CASHMERE', 'CASHMERE', '2016-03-12 23:23:23', '2016-09-26 20:25:37'),
(7, 'COTTON', 'COTTON', '2016-03-12 23:23:23', '2016-09-26 20:25:37'),
(8, 'CUPRO', 'CUPRO', '2016-03-12 23:23:23', '2016-09-26 20:25:37'),
(9, 'KID MOHAIR', 'KID MOHAIR', '2016-03-12 23:23:23', '2016-09-26 20:25:37'),
(10, 'LINEN', 'LINEN', '2016-03-12 23:23:23', '2016-09-26 20:25:37'),
(11, 'LYOCELL', 'LYOCELL', '2016-03-12 23:23:23', '2016-09-26 20:25:37'),
(12, 'MOHAIR', 'MOHAIR', '2016-03-12 23:23:23', '2016-09-26 20:25:37'),
(13, 'NYLON', 'NYLON', '2016-03-12 23:23:23', '2016-09-26 20:25:37'),
(14, 'POLYESTER', 'POLYESTER', '2016-03-12 23:23:23', '2016-09-26 20:25:37'),
(15, 'POLYURETHANE', 'POLYURETHANE', '2016-03-12 23:23:23', '2016-09-26 20:25:37'),
(16, 'RAMIE', 'RAMIE', '2016-03-12 23:23:23', '2016-09-26 20:25:37'),
(17, 'RAYON', 'RAYON', '2016-03-12 23:23:23', '2016-09-26 20:25:37'),
(18, 'SILK', 'SILK', '2016-03-12 23:23:23', '2016-09-26 20:25:37'),
(19, 'WOOL', 'WOOL', '2016-03-12 23:23:23', '2016-09-26 20:25:37'),
(20, '指定外繊維', 'UNSPECIFIED FIBER', '2016-03-12 23:23:23', '2016-09-26 20:25:37'),
(23, 'LAMBS WOOL', 'LAMBS WOOL', '2016-03-14 18:30:40', '2016-09-26 20:25:37'),
(26, 'SPANDEX', 'SPANDEX', '2016-03-14 18:31:20', '2016-09-26 20:25:37'),
(27, 'BABY ALPACA', 'BABY ALPACA', '2016-03-14 18:31:30', '2016-09-26 20:25:37');

-- --------------------------------------------------------

--
-- テーブルの構造 `seasons`
--

CREATE TABLE IF NOT EXISTS `seasons` (
  `id` int(10) unsigned NOT NULL AUTO_INCREMENT,
  `name` varchar(255) NOT NULL,
  `e_name` varchar(255) NOT NULL,
  `created` datetime DEFAULT NULL,
  `modified` datetime DEFAULT NULL,
  PRIMARY KEY (`id`)
) ENGINE=MyISAM  DEFAULT CHARSET=utf8 AUTO_INCREMENT=4 ;

--
-- テーブルのデータのダンプ `seasons`
--

INSERT INTO `seasons` (`id`, `name`, `e_name`, `created`, `modified`) VALUES
(1, '春夏', 'Spring and summer', '2016-03-12 22:51:56', '2016-03-12 23:13:15'),
(2, '秋冬', 'Autumn and winter', '2016-03-12 23:12:59', '2016-03-12 23:13:15'),
(3, 'オールシーズン', 'All season', '2016-03-12 23:13:15', '2016-03-12 23:13:15');

-- --------------------------------------------------------

--
-- テーブルの構造 `shapes`
--

CREATE TABLE IF NOT EXISTS `shapes` (
  `id` int(10) unsigned NOT NULL AUTO_INCREMENT,
  `name` varchar(255) NOT NULL,
  `e_name` varchar(255) NOT NULL,
  `created` datetime DEFAULT NULL,
  `modified` datetime DEFAULT NULL,
  PRIMARY KEY (`id`)
) ENGINE=MyISAM  DEFAULT CHARSET=utf8 AUTO_INCREMENT=38 ;

--
-- テーブルのデータのダンプ `shapes`
--

INSERT INTO `shapes` (`id`, `name`, `e_name`, `created`, `modified`) VALUES
(1, 'コード', 'code', '2016-03-12 23:23:23', '2016-10-12 11:25:36'),
(2, 'シャギー', 'shaggy', '2016-03-12 23:23:23', '2016-10-12 11:25:36'),
(3, 'ストレッチ', 'stretch', '2016-03-12 23:23:23', '2016-10-12 11:25:36'),
(4, 'ストレート', 'straight', '2016-03-12 23:23:23', '2016-10-12 11:25:36'),
(5, 'スラブ', 'slub', '2016-03-12 23:23:23', '2016-10-12 11:25:36'),
(6, 'タム', 'tam', '2016-03-12 23:23:23', '2016-10-12 11:25:36'),
(7, 'テープ', 'tape', '2016-03-12 23:23:23', '2016-10-12 11:25:36'),
(8, 'ネップ', 'nep', '2016-03-12 23:23:23', '2016-10-12 11:25:36'),
(9, 'ノット', 'knot', '2016-03-12 23:23:23', '2016-10-12 11:25:36'),
(10, 'ファー', 'fur', '2016-03-12 23:23:23', '2016-10-12 11:25:36'),
(11, 'ファンシー', 'fancy', '2016-03-12 23:23:23', '2016-10-12 11:25:36'),
(12, 'フェザー', 'fazer', '2016-03-12 23:23:23', '2016-10-12 11:25:36'),
(13, 'ブークレ', 'boucle', '2016-03-12 23:23:23', '2016-10-12 11:25:36'),
(14, 'メランジ', 'melange', '2016-03-12 23:23:23', '2016-10-12 11:25:36'),
(15, 'モール', 'mole', '2016-03-12 23:23:23', '2016-10-12 11:25:36'),
(16, 'ラメ', 'lame', '2016-03-12 23:23:23', '2016-10-12 11:25:36'),
(17, 'リリアン', 'lilian', '2016-03-12 23:23:23', '2016-10-12 11:25:36'),
(18, 'ループ', 'loop', '2016-03-12 23:23:23', '2016-10-12 11:25:36'),
(19, '光沢', 'gloss', '2016-03-12 23:23:23', '2016-10-12 11:25:36'),
(20, '絣', 'kasuri', '2016-03-12 23:23:23', '2016-10-12 11:25:36'),
(21, '杢調', 'mokucho', '2016-03-12 23:23:23', '2016-10-12 11:25:36'),
(22, '紡毛', 'carded wool', '2016-03-12 23:23:23', '2016-10-12 11:25:36'),
(23, '梳毛', 'combed wool', '2016-03-12 23:23:23', '2016-10-12 11:25:36'),
(24, '綿紡', 'cotton spinning', '2016-03-12 23:23:23', '2016-10-12 11:25:36'),
(25, 'カベ', 'kabe', '2016-03-12 23:23:23', '2016-10-12 11:25:36'),
(26, 'トライスピン', 'tryspin', '2016-03-12 23:23:23', '2016-10-12 11:25:36'),
(27, 'セミ梳毛', 'semi combed wool', '2016-03-12 23:23:23', '2016-10-12 11:25:36'),
(28, 'シルケット', 'silkete', '2016-03-12 23:23:23', '2016-10-12 11:25:36'),
(29, 'インディゴ', 'indigo', '2016-03-12 23:23:23', '2016-10-12 11:25:36'),
(30, 'ギマタイプ', 'gima', '2016-03-12 23:23:23', '2016-10-12 11:25:36'),
(31, '和紙', 'ｊapanese paper', '2016-03-12 23:23:23', '2016-10-12 11:25:36'),
(32, '天然素材', 'natural materials', '2016-03-12 23:23:23', '2016-10-12 11:25:36'),
(33, '機能素材', 'functional materials', '2016-03-12 23:23:23', '2016-10-12 11:25:36'),
(34, '強撚', 'twisting strength', '2016-03-12 23:23:23', '2016-10-12 11:25:36'),
(35, '不織布', 'nonwoven fabric', '2016-03-12 23:23:23', '2016-10-12 11:25:36'),
(36, 'リネン混', 'linen blend', '2016-03-12 23:23:23', '2016-10-12 11:25:36'),
(37, '毛混', 'hair mixed', '2016-03-12 23:23:23', '2016-10-12 11:25:36');

-- --------------------------------------------------------

--
-- テーブルの構造 `users`
--

CREATE TABLE IF NOT EXISTS `users` (
  `id` int(10) unsigned NOT NULL AUTO_INCREMENT,
  `username` varchar(50) DEFAULT NULL,
  `password` varchar(255) DEFAULT NULL,
  `mail` varchar(255) NOT NULL,
  `role` varchar(20) DEFAULT NULL,
  `deadline` datetime DEFAULT NULL,
  `hkey` varchar(255) NOT NULL,
  `created` datetime DEFAULT NULL,
  `modified` datetime DEFAULT NULL,
  PRIMARY KEY (`id`)
) ENGINE=MyISAM  DEFAULT CHARSET=utf8 AUTO_INCREMENT=4 ;

--
-- テーブルのデータのダンプ `users`
--

INSERT INTO `users` (`id`, `username`, `password`, `mail`, `role`, `deadline`, `hkey`, `created`, `modified`) VALUES
(1, 'yamada', '$2a$10$cMmawnLMQ.HG2oyf8Nts7euLV9jvxZVRE1b6ct/3VnGmb8yU3vmIa', 'yamada@lab-art.co.jp', '', '2016-03-12 23:13:38', '', '2016-02-26 21:39:51', '2016-03-12 22:43:38'),
(2, 'maeda', '$2a$10$s13vHXAai0mfRC0H1bZ6pOLZVYPVtMgVfe27qmRpuF0Xj5P02wjFK', 'maeda@lab-art.co.jp', '', NULL, '', '2016-03-13 13:20:32', '2016-03-13 13:20:32'),
(3, 'sawada', '$2a$10$Ttb4HYfskk4H1yChU8N40eD3bFPlHUxHNRcEWlg0dVYCRxv4mcHUO', 'n_kono@kakehashi-skysol.co.jp', '', NULL, '', '2016-03-13 13:26:19', '2016-03-13 13:26:19');

-- --------------------------------------------------------

--
-- テーブルの構造 `yarns`
--

CREATE TABLE IF NOT EXISTS `yarns` (
  `id` int(10) unsigned NOT NULL AUTO_INCREMENT,
  `name` varchar(255) NOT NULL,
  `e_name` varchar(255) DEFAULT NULL,
  `furigana` varchar(255) DEFAULT NULL,
  `count` varchar(255) DEFAULT NULL,
  `count_id` int(11) DEFAULT NULL,
  `gauge` varchar(255) DEFAULT NULL,
  `spec` text,
  `stock` text,
  `other` text,
  `tailor` text,
  `e_spec` text,
  `e_stock` text,
  `e_other` text,
  `e_tailor` text,
  `color_num` int(11) DEFAULT NULL,
  `bespoke` int(11) DEFAULT NULL,
  `keyword` text,
  `image1` varchar(255) DEFAULT NULL,
  `image2` varchar(255) DEFAULT NULL,
  `image3` varchar(255) DEFAULT NULL,
  `image4` varchar(255) DEFAULT NULL,
  `image5` varchar(255) DEFAULT NULL,
  `status` tinyint(1) NOT NULL DEFAULT '0',
  `created` datetime DEFAULT NULL,
  `modified` datetime DEFAULT NULL,
  PRIMARY KEY (`id`)
) ENGINE=MyISAM  DEFAULT CHARSET=utf8 AUTO_INCREMENT=88 ;

--
-- テーブルのデータのダンプ `yarns`
--

INSERT INTO `yarns` (`id`, `name`, `e_name`, `furigana`, `count`, `count_id`, `gauge`, `spec`, `stock`, `other`, `tailor`, `e_spec`, `e_stock`, `e_other`, `e_tailor`, `color_num`, `bespoke`, `keyword`, `image1`, `image2`, `image3`, `image4`, `image5`, `status`, `created`, `modified`) VALUES
(1, 'ＡＯＩ', 'AOI', 'アオイ', '1/15', 2, '12G-1P,7G-2P', '葵は環境にやさしい原料を使用し、独自の技術開発により、従来より細い糸を作ることに成功しました。\r\nハイゲージからローゲージまで幅広く使える、清涼感ある画期的新素材です。\r\n清涼感・・・麻のようなシャリ感と清涼感がある。\r\n快適・・・通気性が良く、水分を吸収し、湿度や温度を保つ効果がある。\r\n軽い・・・通常の綿糸に比べ、和紙は比重が軽い。\r\n＜注意事項＞淡色以外は、素材別色差による染色特性上、ソリッドには染まりません。', '３０色のオリジナルカラーを全色ストックしております。（別注色も承ります。要染色期間）\r\n在庫はその都度ご確認ください。', '', '1kg/cone（投入ベース）\r\n品質の保持は努力しておりますが、ロット間格差には充分ご注意ください。 ', 'This is an eco-friendly new material made from WASHI (Japanese paper yarn).\r\nIt is also improved half a finer gauge than that of depended paper material.\r\nFrom high to low gauges, this cool material provides you a wide range of usage.\r\nSensation of Coolness:\r\nYou can feel cool and crisp texture as similar to 10 material.\r\nComfortable:\r\nThis material lets air through and absorbs excess moisture. It keeps comfortable heat and moisture.\r\nLightweight:\r\nIt is lighter than that of cotton yarn\r\n\r\n＜ATTENTION＞\r\nPlease note that this yarn cannot be dyed as solid color (except pale color) in case of color differences in compositions.', 'All 30 colors in stock.\r\n*custom-made colors are available.（the order requires a certain period to dye）\r\n（please check the stock status before you order.）', '', '1kg/cone (based on raw material quantity)\r\nWe are trying to serve the best quality. Please note that the production lot makes slight differences on colors.', 30, NULL, 'ＡＯＩ,AOI,aoi,アオイ,あおい,ストレート,杢調,レーヨン,指定外繊維,ギマタイプ', 'aoi.jpg', 'aoi_amiji.jpg', '', 'aoi_book_2.jpg', '', 1, '2016-03-13 00:00:00', '2017-05-19 18:58:13'),
(2, 'ＡＲＴＨＵＲ', 'ARTHUR', 'アーサー', '2/24', 6, '10G-1P,7G-2P', 'リネン100％の高級素材です。上品な光沢に溢れ、しなやかでハリのある風合いです。\r\n注意事項\r\n・リネンの色を残した色（特にソーピング色）では、紡績LOTにより、リネンの色差が出る事があります。\r\nまた、リネン特有のネップが生じますので、ご了承の上、ご使用下さい。\r\n・伸度の少ない素材特性上、地柄や透かし柄等の組織柄での企画には、編成性を工場様と、十分にご検討下さい。\r\n・濃色については、特にご注意頂き、冬場の乾燥期には、十分な湿気を持たせて、編み立てされることをおすすめします。\r\n素材特性上、斜行については、念のため、必ず確認、検討の上、生産に入ってください。\r\n（企画度目、ゲージによっては、バランスが悪くなりがちです。）\r\n極力、安定に努力しておりますが、万が一、規格外の場合は見本編みの段階でご一報下さい。', '・２４色のオリジナルカラーを全色ストックしております。\r\n（在庫状況はその都度お問い合わせください。）', '', '1kg/cone（投入ベース）\r\n品質の保持は努力しておりますが、ロット間格差には充分ご注意ください。', 'This is a rich 100% LINEN material. The finishing expresses luxurious gloss and flexible texture.\r\n\r\nATTENTION\r\n・It might cause color differences from natural LINEN color (especially soaping color). \r\n・Please note that natural LINEN contains some knobbed fiber.\r\n・This material is less stretches. Please carefully consider patterns with\r\nyour factories if not plain stitches such as checkerboard, openwork patterns.\r\n・Applying moisture is required especially vivid colors and in dry air season.\r\n・This material can easily be biased in finishing. Please check before producing.\r\n(Knitting balance depends on designs.)\r\n・We are trying to serve the best quality. If you find it below standard, please let us know with your sampling.', 'All 24 colors in stock.　\r\n(please check the stock status before you order.）', '', '1kg/cone (based on raw material quantity)\r\nWe are trying to serve the best quality. Please note that the production lot makes slight differences on colors.', 24, NULL, 'ＡＲＴＨＵＲ,ARTHUR,arthur,アーサー,あーさー,ストレート,リネン混,光沢,リネン', 'arthur.jpg', 'arthur_amiji.jpg', 'arthur_book_1.jpg', 'arthur_book_2.jpg', '', 1, '2016-03-13 00:00:00', '2017-05-19 18:59:10'),
(3, 'ＢＲＩＬＬＯ', 'BRILLO', 'ブリーロ', '1/6', 1, '5G-1P', 'アルパカをブレンドした、軽くて暖かい素材です。\r\n毛足が長く、アルパカ独特のしなやかなコシと、柔らかさが特徴です。\r\n', '16色のオリジナルカラーを上海で全色ストックしております。\r\n（在庫は都度ご確認ください）', '', '1kg/cone（投入ベース）\r\n※品質の保持は極力努力しておりますが、ロット間格差には充分ご注意ください。', 'This is Alpaca fiber blended, light and warm material.\r\nIt features a long-hair, flexible texture from alpaca fiber, and soft to touch. \r\n2 types of counts: 1/6 and 1/2 are available which widen the variety of designs. ', 'All 16 original colors are in Shanghai in stock. \r\n(please check the stock status before you order)\r\n', '', '1KG/cone (based on raw material quantity)\r\nWe are trying to serve the best quality. Please note that the production lot makes slight differences on colors.', 16, NULL, 'ＢＲＩＬＬＯ,BRILLO,brillo,ブリーロ,ぶりーろ,タム', 'sh_brillo.jpg', 'sh_brillo_amiji.jpg', 'sh_brillo_book.jpg', '', '', 1, '2016-03-13 00:00:00', '2017-05-19 18:59:34'),
(4, 'ＢＲＩＬＬＯ ＣＨＩＮＥ', 'BRILLO CHINE', 'ブリーロ チネ', '1/2', 1, '3G-1P,HAND KNIT', 'アルパカをブレンドした、軽くて暖かい素材です。\r\n毛足が長く、アルパカ独特のしなやかなコシと、柔らかさが特徴です。\r\n', '10色のオリジナルカラーを上海で全色ストックしております。\r\n（在庫は都度ご確認ください）', '', '1kg/cone（投入ベース）\r\n※品質の保持は極力努力しておりますが、ロット間格差には充分ご注意ください。', 'This is Alpaca fiber blended, light and warm material.\r\nIt features a long-hair, flexible texture from alpaca fiber, and soft to touch. \r\n2 types of counts: 1/6 and 1/2 are available which widen the variety of designs.\r\n', 'All 10 original colors are in Shanghai in stock. \r\n(please check the stock status before you order)\r\n', '[Conditions]\r\n1KG/cone (based on raw material quantity)\r\nWe are trying to serve the best quality. Please note that the production lot makes slight differences on colors.', '', 10, NULL, 'BRILLO CHINE,BRILLO CHINE,brillo chine,ブリーロ チネ,ぶりーろ ちね,タム,杢調,アルパカ,アクリル', 'sh_brillo_chine.jpg', 'sh_brillo_chine_amiji.jpg', '', '', '', 1, '2016-03-13 00:00:00', '2017-05-19 18:59:57'),
(5, 'ＣＡＲＭＡ', 'CARMA', 'カルマ', '2/8', 5, '5G-1P,3G-2P,HAND KNIT', 'CARMAは、非常にバルキッシュな特性を持つウールを使用した、膨らみのある素材です。\r\nそのウールの特性を最大限に生かし、コード調のローゲージ用素材に仕立てました。\r\n天竺はもちろん、ニット特有の地柄組織にも適しています。\r\n空気をたっぷりと含み、スポンディッシュで、軽い編地に仕上がります。\r\n※縮絨する場合、素材の特性上、度目、組織によって、縮率が変わる場合がございます。\r\nご了承の上、十分、ご検討ください。', '・１２色のTOPカラー、１２色のソリッドカラー（糸染め）のオリジナルカラー計２４色をストックしています。\r\n４ケタの色番がTOPカラー、CR～の色番はソリッドカラーになります。\r\n（在庫状況は、その都度ご確認ください。）\r\n※TOPとソリッドでは、若干の風合い差が生じることがございます。ご了承の上、ご使用ください。', '', '1kg/cone（投入ベース）\r\n品質の保持は努力しておりますが、ロット間格差には充分ご注意ください。', 'CARMA is made from extremely bulky WOOL. \r\nTrying to get maximum leverage out of its bulky fiber,\r\nwe made the yarn for low gauge knitting as cord style.\r\nThis yarn is not only for plain stitch, but perfect for patterned design.\r\nFluffy WOOL makes light texture like sponge cake. \r\n*in case of fulling, the shrinkage factor depends on gauge and loop condition.\r\nPlease check the condition with knitting instruction.', 'All 12 TOP original colors and 12 solid original colors in stock.　\r\n4-degits color number is for TOP. CR color number is for solid colors. \r\n（please check the stock status before you order.）\r\nBetween TOP and solid colors, there is a slight differences on textures. ', '', '1kg/cone (based on raw material quantity)\r\nWe are trying to serve the best quality. Please note that the production lot makes slight differences on colors.', 24, NULL, 'ＣＡＲＭＡ,carma,CARMA,かるま,カルマ,ストレート,メランジ,梳毛,ウール', 'carma.jpg', 'carma_amiji.jpg', 'carma_book_1.jpg', 'carma_book_2.jpg', '', 1, '2016-03-13 00:00:00', '2017-05-19 19:00:21'),
(6, 'ＣＯＬＴ', 'COLT', 'コルト', '1/15', 2, '12G-1P,7G-2P', 'リネン麻調のドライタッチな風合い。\r\n優れたハリで軽量感がある。\r\n手洗いによる風合い変化が少ない。', '３３色のオリジナルカラーをストックしています。（別注色も承ります。要染色期間）\r\n在庫状況は、都度、お問い合わせください。', '', '1kg/cone（投入ベース）\r\n品質の保持は努力しておりますが、ロット間格差には充分ご注意ください。', '・Dry-touch like linen fabrics\r\n・Light-weight and high flexibility \r\n・Unlikely to deteriorate its texture by hand-wash ', 'All 33 original colors in stock.　\r\n（please check the stock status before you order.）\r\n　※Custom-made colors are available（the order requires a certain period to dye）', '', '1kg/cone (based on raw material quantity)\r\nWe are trying to serve the best quality. Please note that the production lot makes slight differences on colors.', 33, NULL, 'ＣＯＬＴ,COLT,コルト,colt,ストレート,アクリル,コットン,ギマタイプ', 'colt.jpg', 'colt_amiji.jpg', 'colt_book_1.jpg', 'colt_book_2.jpg', '', 1, '2016-03-13 00:00:00', '2017-05-19 19:01:41'),
(7, 'ＣＯＯＬ ＧＥＡＲ', 'COOL GEAR', 'クールギア', '1/52', 4, '16G-2P,14G-2P', 'ナチュラルな風合いを求めたナイロンとコットンの良さを生かす特殊撚糸複合素材です。\r\n　・ほど良いシャリ感のある風合い。\r\n・洗濯による風合いの変化が少ない。\r\n・つやけしのマットな仕上がり。', '５０色のオリジナルカラーを全色ストックしております。\r\n別注色も承ります。（要染色期間）\r\n（在庫はその都度お問い合わせください。）', '', '1kg/cone（投入ベース）\r\n品質の保持は努力しておりますが、ロット間格差には充分ご注意ください。', 'For pursuing natural taste, we made a special spinning material, which \r\nblended with the maximum greatness of NYLON and COTTON\r\n・Fresh and crisp texture\r\n・Less deterioration from washing\r\n・Matte finish\r\n\r\n', 'All 50 original colors in stock.　\r\n　※Custom-made colors are available（the order requires a certain period to dye）\r\n（please check the stock status before you order.）\r\n', '', '1kg/cone (based on raw material quantity)\r\nWe are trying to serve the best quality. Please note that the production lot makes slight differences on colors.', 50, NULL, 'ＣＯＯＬ ＧＥＡＲ,COOL GEAR,cool gear,クールギア,くーるぎあ,ストレート,メランジ,光沢,コットン,ナイロン', 'cool_gear.jpg', 'cool_gear_amiji.jpg', 'cool_gear_book_1.jpg', 'cool_gear_book_2.jpg', '', 1, '2016-03-13 00:00:00', '2017-05-19 19:02:01'),
(8, 'ＣＯＰＡＮ', 'COPAN', 'コパン', '1/6', 1, '7G-1P', '綿とアクリルを強撚コードにした、光沢感と清涼感のある7G・5Gに対応した素材です。\r\n片染め・染め分けで繊細な杢調表現（ミックス）が楽しめます。\r\nすきっとした目面で天竺・縄柄はもちろん、透かし柄等のレーシーな編み組織にもお勧めです。', '３６色のオリジナルカラーを全色ストックしております。\r\n在庫はその都度ご確認ください。', '', '1kg/cone（投入ベース）\r\n品質の保持は努力しておりますが、ロット間格差には充分ご注意ください。', 'COTTON and ACRYLIC hard-twisted cord yarn with glossy look and cool texture.\r\nCompatible gauges are COTTON and 5GG.\r\nReverse/ cross dyeing for sensitive touch to color varieties.\r\n・Not only for neat looks on plain/ cable patterns, but also lace looks on openwork patterns.', 'All 36 original colors in stock.　\r\n（please check the stock status before you order.）', '', '1kg/cone (based on raw material quantity)\r\nWe are trying to serve the best quality. Please note that the production lot makes slight differences on colors.', 36, NULL, 'ＣＯＰＡＮ,COPAN,copan,コパン,こぱん,ストレート,光沢,杢調,コットン,アクリル', 'copan.jpg', 'copan_amiji.jpg', 'copan_book_1.jpg', 'copan_book_2.jpg', '', 1, '2016-03-13 00:00:00', '2017-05-19 19:02:31'),
(9, 'ＣＯＴＴＯＮ ＬＩＬＹ', 'COTTON LILY', 'コットンリリー', '1/4.3', 1, '5G-1P,3G-2P,HAND KNIT', '高級綿をリリヤン加工し、さらにシルケット加工を施したファンシーヤーンです。\r\n光沢感と偏平のテープ状の表情がとても豊かで、独特の表情が楽しめます。', '３６色のオリジナルカラーを全色ストックしています。\r\n（在庫状況はその都度、お問い合わせください。）', '', '1kg/cone（投入ベース）\r\n品質の保持は努力しておりますが、ロット間格差には充分ご注意ください。', 'This is a fancy high-grade COTTON yarn with several processes such as mercerized and lily-yarn taped.\r\nYou can enjoy distinguished designs with wide expressions on this flat taped shiny yarn.  ', 'All 36 original colors in stock.　\r\n（please check the stock status before you order.）', '', '1kg/cone (based on raw material quantity)\r\nWe are trying to serve the best quality. Please note that the production lot makes slight differences on colors.', 36, NULL, 'ＣＯＴＴＯＮ ＬＩＬＹ,COTTON LILY,cotton lily,コットンリリー,こっとんりりー,シルケット,ファンシー,メランジ,リリアン,光沢,コットン', 'cotton_lily.jpg', 'cotton_lily_amiji.jpg', 'cotton_lily_book.jpg', '', '', 1, '2016-03-13 00:00:00', '2017-05-19 19:00:46'),
(10, 'ＣＯＴＴＯＮ ＮＡＶＩ', 'COTTON NAVI', 'コットンナビ', '2/52(31/2)', 8, '14G-1P,12G-2P', '「コットンナビ」は快適温感繊維「97.6°F」レーヨンと天然素材の綿とを混紡した、自然素材100%のエコロジーな素材です。\r\n革新紡績のクリアな表面感でさらっとしたコシがあり、比較的毛玉が起こりにくい素材です。', '２１色のオリジナルカラーを全色中国にてストックしています。\r\n（在庫状況はその都度、ご確認ください。）', '「97.6°F ｷｭｳ･ﾅﾅ･ﾛｸ」を製品表記の際は弊社に必ずご相談ください。', '0.8ｋｇ～0.9kg/ｃｏｎｅ（実貫）　24本/case\r\n※品質の保持は極力努力しておりますが、ロット間格差には充分ご注意ください。', '“Cotton Navi” is a functional and 100% natural fiber yarn for keeping comfortable body temperature with Rayon “97.6°F”, and Cotton as one of major natural fiber. \r\nThe new type of spinning made it clear on surface with crisp texture, and less pilling. \r\n\r\n', 'All 21 original colors are in China in stock. \r\n(please check the stock status before you order)\r\n', 'Please contact to us when the garments need to remark the use of 97.6F.\r\n[Conditions]\r\n0.8～0.9KG/ cone (based on raw material quantity), 24cones/ carton\r\nWe are trying to serve the best quality. Please note that the production lot makes slight differences on colors.\r\n', '', 21, NULL, 'ＣＯＴＴＯＮ ＮＡＶＩ,COTTON NAVI,cotton navi,こっとんなび,コットンナビ,ストレート,コットン,レーヨン', 'sh_cotton_navi.jpg', 'sh_cottonnavi_amiji.jpg', 'sh_cottonnavi_book_1.jpg', 'sh_cottonnavi_book_2.jpg', '', 1, '2016-03-13 00:00:00', '2017-05-19 19:01:15'),
(11, 'ＣＲＡＢＹＯＮ ＰＩＴＩＣＡ　32/2', 'ＣＲＡＢＹＯＮ ＰＩＴＩＣＡ　32/2', 'クラビオンピチカ', '32/2', 7, '14G-1P,12G-2P', 'レーヨンは木材パルプを原料にクラビオンはベニズワイガニの甲殻から作られた、環境にやさしいエコロジー素材です。\r\nアクリルは高い抗ピル性とソフトな風合いを両立させることに成功した画期的新素材です。\r\n高品質のUSAコットンとのブレンドでクオリティアップの高級感あふれる優しい風合いの素材に作り上げました。', '６３色のオリジナルカラーを全色ストックしています。\r\n（在庫状況はその都度ご確認ください。）', '', '1kg/cone 24kg/case（投入ベース）\r\n品質の保持は努力しておりますが、ロット差格差には充分ご注意ください。', 'RAYON is originally from wood pulp. Crabyon is originally from crab’s crusts,\r\nwhich makes it eco-friendly material. \r\nThis is a new type, mile stone ACRYLIC material that is succeeded\r\nto achieve not only highly anti-pilling but also soft to touch. \r\nIt made up soft and luxurious to touch from blended high-grade USA COTTON.', '・All 63 original colors in stock.　\r\n（please check the stock status before you order.）', '', '1kg/ cone, 24kg/ carton (based on raw material quantity)\r\nWe are trying to serve the best quality. Please note that the production lot makes slight differences on colors.', 63, NULL, 'ＣＲＡＢＹＯＮ ＰＩＴＩＣＡ,crabyon pitica,クラビオンピチカ,CRABYON PITICA,ストレート,コットン,アクリル,レーヨン', 'crabyon_pitica.jpg', 'crabyon_pitica_amiji.jpg', 'crabyon_pitica_book_1.jpg', 'crabyon_pitica_book_2.jpg', 'crabyon_pitica_book_3.jpg', 1, '2016-03-13 00:00:00', '2016-10-12 14:24:54'),
(12, 'ＣＲＡＢＹＯＮ ＰＩＴＩＣＡ　38/2', 'ＣＲＡＢＹＯＮ ＰＩＴＩＣＡ　38/2', 'クラビオンピチカ', '38/2', 7, '16G-2P,14G-2P', 'レーヨンは木材パルプを原料にクラビオンはベニズワイガニの甲殻から作られた、環境にやさしいエコロジー素材です。\r\nアクリルは高い抗ピル性とソフトな風合いを両立させることに成功した画期的新素材です。\r\n高品質のUSAコットンとのブレンドでクオリティアップの高級感あふれる優しい風合いの素材に作り上げました。', '６３色のオリジナルカラーを全色ストックしています。\r\n（在庫状況はその都度ご確認ください。）', '', '1kg/cone 24kg/case（投入ベース）\r\n品質の保持は努力しておりますが、ロット差格差には充分ご注意ください。', '17 is originally from wood pulp. Crabyon is originally from crab’s crusts, which makes it eco-friendly material. \r\nThis is a new type, mile stone 2 material that is succeeded\r\nto achieve not only highly anti-pilling but also soft to touch. \r\nIt made up soft and luxurious to touch from blended high-grade USA 7.', '・All 63 original colors in stock.　\r\n（please check the stock status before you order.）', '', '1kg/ cone, 24kg/ carton (based on raw material quantity)\r\nWe are trying to serve the best quality. Please note that the production lot makes slight differences on colors.', 63, NULL, 'ＣＲＡＢＹＯＮ ＰＩＴＩＣＡ,crabyon pitica,クラビオンピチカ,CRABYON PITICA,ストレート,コットン,アクリル,レーヨン', 'crabyon_pitica.jpg', 'crabyon_pitica_amiji.jpg', 'crabyon_pitica_book_1.jpg', 'crabyon_pitica_book_2.jpg', 'crabyon_pitica_book_3.jpg', 1, '2016-03-13 00:00:00', '2016-05-28 12:44:14'),
(13, 'ＣＵＬＳＥＮＡ', 'ＣＵＬＳＥＮＡ', 'カルセーナ', '2/30', 7, '12G-1P,7G-2P', '19.5μのエクストラファインウールと、ハイバルキーアクリルをブレンドした、膨らみのある素材です。\r\n素材の特徴を最大限に生かし、ウールの風合いがより一層引き立つように開発された、超軽く、保湿性のある素材です。\r\n軽量・・・素材本来の力と特殊な加工により、軽さを追求した軽量素材です。\r\n優れた保湿性・・・高い収縮性により生まれた空気層が優れた保湿性を実現します。\r\n特殊な加工技術・・・糸作り、染色加工時のノウハウが、繊維間に空間を作り出し、かさ高性と軽量感を生み出します。', '・２８色のオリジナルカラーを全色ストックしております。\r\n在庫はその都度ご確認ください。', '＜注意事項＞\r\n素材の特性上、アクリルサイド片染めの場合、\r\nネップが発生する場合がございますのでご了承ください。', '1kg/cone（投入ベース）\r\n品質の保持は努力しておりますが、ロット間格差には充分ご注意ください。', 'CULSENA is a spongy yarn from blending 19.5 μ extra fine WOOL and high bulky ACRYLIC.\r\nBy making full use of these two materials and developing our technology for perfect WOOL to touch,\r\nwe created its extremely lightweight and moisture rich material.\r\n\r\n''Lightweight -- It is all about lightness by naturally light fiber and special process.\r\nMoisture Rich -- High contractive force made rooms for keeping moisture well.\r\nSpecial Processing Technology -- our know-how on spinning and dyeing helped producing this spongy yarn with special open space between fibers.\r\n', '・All 28 colors in stock.\r\n（please check the stock status before you order.）', '[ATTENTION]\r\nIn the process of 2 one-side dye, this material’s special characteristic might make some knobbed form.\r\n', '1kg/cone (based on raw material quantity)\r\nWe are trying to serve the best quality. Please note that the production lot makes slight differences on colors.', 28, NULL, 'ＣＵＬＳＥＮＡ,CLUSENA,culsena,カルセーナ,メランジ,梳毛,ウール,アクリル,ナイロン', 'culsena.jpg', 'culsena_amiji.jpg', 'culsena_book_1.jpg', 'culsena_book_2.jpg', '', 1, '2016-03-13 00:00:00', '2016-10-13 12:23:30'),
(14, 'ＤＡＮＤＥＬＩＯＮ　日本', 'ＤＡＮＤＥＬＩＯＮ（Ｊａｐａｎ）', 'ダンデリオン', '1/13', 2, '10G-1P,7G-2P', 'この素材は、高級なキッドモヘアを使用しています。\r\n毛足が長く、ソフトで膨らみがあり、軽く仕上がります。\r\nカラーは一部メランジＴＯＰを用意し、深みのあるカラーに仕上げております。', '６３色のオリジナルカラーを全色ストックしております。\r\n在庫はその都度ご確認ください。', '＜注意事項＞\r\nTOP DYEとYARN DYEとでは若干の風合い格差がありますのでご確認ください。\r\n過度な巻き直しは糸にダメージを与える場合がありますので充分ご注意ください。', '1kg/cone（投入ベース）\r\n品質の保持は努力しておりますが、ロット間格差には充分ご注意ください。', 'This material is made out of high-graded KID MOHAIR. \r\nIt is hairy, soft, fluffy, and light. \r\nWe have several melange TOP finished in deep colors. \r\n', '・All 63 colors in stock.\r\n（please check the stock status before you order.）', 'Please note that there are slight color differences between TOP and yarn dye.', '1kg/cone (based on raw material quantity)\r\nWe are trying to serve the best quality. Please note that the production lot makes slight differences on colors.', 63, NULL, 'ＤＡＮＤＥＬＩＯＮ,dandelion,DANDELION,ダンデリオン,だんでりおん,モヘヤ,タム,メランジ,ナイロン,ウール', 'dandelion.jpg', 'dandelion_amiji.jpg', 'dandelion_book_1.jpg', 'dandelion_book_2.jpg', 'dandelion_book_3.jpg', 1, '2016-03-13 00:00:00', '2016-10-14 09:43:49'),
(15, 'ＤＡＮＤＥＬＩＯＮ　香港', 'ＤＡＮＤＥＬＩＯＮ（ＨｏｎｇＫｏｎｇ）', 'ダンデリオン', '1/13', 2, '10G-1P,7G-2P', 'この素材は、高級なキッドモヘアを使用しています。\r\n毛足が長く、ソフトで膨らみがあり、軽く仕上がります。\r\nカラーは一部メランジＴＯＰを用意し、深みのあるカラーに仕上げております。', '６３色のオリジナルカラーを全色ストックしておりますが、香港での在庫量については、日本より多くありません。\r\n従って、現物オーダーについては、日本からの出荷になる可能性があります。\r\n在庫はその都度ご確認ください', '＜注意事項＞\r\nTOP DYEとYARN DYEとでは若干の風合い格差がありますのでご確認ください。\r\n過度な巻き直しは糸にダメージを与える場合がありますので充分ご注意ください。', '1kg/cone（投入ベース）\r\n品質の保持は努力しておりますが、ロット間格差には充分ご注意ください。', 'This material is made out of high-graded KID MOHAIR. \r\nIt is hairy, soft, fluffy, and light. \r\nWe have several melange TOP finished in deep colors. \r\n', 'All 63 original colors in Hong Kong in stock.\r\nWarehouse in Hong Kong does not hold many storage. For bulk order, we might arrange shipping from Japan.\r\n（please check the stock status before you order. ）', 'Please note that there are slight color differences between TOP and yarn dye.', '1kg/cone (based on raw material quantity)\r\nWe are trying to serve the best quality. Please note that the production lot makes slight differences on colors.', 63, NULL, 'ＤＡＮＤＥＬＩＯＮ,dandelion,DANDELION,ダンデリオン,だんでりおん,モヘヤ,タム,メランジ,ウール,ナイロン', 'dandelion.jpg', 'dandelion_amiji.jpg', 'dandelion_book_1.jpg', 'dandelion_book_2.jpg', 'dandelion_book_3.jpg', 1, '2016-03-13 00:00:00', '2016-10-14 09:40:35'),
(16, 'ＤＡＮＤＥＬＩＯＮ　上海', 'ＤＡＮＤＥＬＩＯＮ（Ｓｈａｎｇｈａｉ）', 'ダンデリオン', '1/13', 2, '10G-1P,7G-2P', 'この素材は、高級なキッドモヘアを使用しています。\r\n毛足が長く、ソフトで膨らみがあり、軽く仕上がります。\r\nカラーは一部メランジＴＯＰを用意し、深みのあるカラーに仕上げております。', '６３色のオリジナルカラーを全色ストックしておりますが、上海での在庫量については、日本より多くありません。\r\n従って、現物オーダーについては、日本からの出荷になる可能性があります。\r\n在庫はその都度ご確認ください', 'TOP DYE と YARN DYEとでは若干の風合い格差がありますのでご確認ください。\r\n過度な巻き直しは糸にダメージを与える場合がありますので充分ご注意ください。', '1kg/cone（投入ベース）\r\n※品質の保持は極力努力しておりますが、ロット間格差には充分ご注意ください。\r\n', 'This material is made out of high-graded KID MOHAIR. \r\nIt is hairy, soft, fluffy, and light. \r\nWe have several melange TOP finished in deep colors. \r\n', 'All 63 original colors in stock.\r\n（please check the stock status before you order. ）', 'Please note that there are slight color differences between TOP and yarn dye.', '1kg/cone (based on raw material quantity)\r\nWe are trying to serve the best quality. Please note that the production lot makes slight differences on colors.', 63, NULL, 'ＤＡＮＤＥＬＩＯＮ,dandelion,DANDELION,ダンデリオン,だんでりおん,モヘヤ,タム,メランジ,ナイロン,ウール', 'dandelion.jpg', 'dandelion_amiji.jpg', 'dandelion_book_1.jpg', 'dandelion_book_2.jpg', 'dandelion_book_3.jpg', 1, '2016-03-13 00:00:00', '2016-10-14 09:42:39'),
(17, 'ＤＩＭ', 'ＤＩＭ', 'ディム', '1/4.5', 1, '5G-1P,3G-2P,HAND KNIT', '天然素材のリネンと綿のテープ形状にした素材です。\r\n扁平状の見え方とナチュラルな雰囲気、サラッとした清涼感ある風合いが特徴です。\r\nカラーBOOKの●印の付いている色は、異色染めのため、\r\nゾッキ使用すると、編地に横筋が入ったように見えることがあります。ご注意ください。', '１０色のオリジナルカラーを上海で全色ストックしております。\r\n（在庫状況は、その都度ご確認ください）', 'C/#341111,341101以外は異色染めのため、ゾッキ使用すると、\r\n編地に横筋が入ったように見えることがあります。ご注意ください。', '1kg/cone（投入ベース）\r\n※品質の保持は極力努力しておりますが、ロット間格差には充分ご注意ください。', 'Tape yarn with natural linen fiber and cotton. \r\nIt features the flat-tape looks, natural, and fresh and crisp texture. \r\nPlease note that the ● marked colors are cross dyeing colors. When only one of the colors is used, unintended border lines might appear on swatches. \r\n\r\n', 'All 10 original colors are in Shanghai in stock. \r\n(please check the stock status before you order)\r\n', 'Except C/# 341111 and 341101, other colors are cross dyeing. It might cause unintended border lines might appear on swatches.\r\n', '1KG/cone (based on raw material quantity)\r\nWe are trying to serve the best quality. Please note that the production lot makes slight differences on colors.', 10, NULL, 'ＤＩＭ,DIM,dim,ディム,でぃむ,テープ,ファンシー,リネン混,ナイロン,コットン,リネン', 'sh_dim.jpg', 'sh_dim_amiji.jpg', 'sh_dim_book.jpg', '', '', 1, '2016-03-13 00:00:00', '2016-10-12 14:27:11'),
(18, 'ＥＶＥ Mタイプ', 'ＥＶＥ M', 'イヴ', '1/21', 2, '12G-1P,7G-2P', '極細なラメを使用しているので、ソフトで上品な光沢と高級感がある。\r\n毛玉やしわになりにくく、手洗いによる風合い変化が少ない。', '・Mタイプを３１色とＰタイプを５色のオリジナルカラーを全色ストックしております。\r\n（在庫状況はその都度ご確認ください。）', '', '1kg/cone（投入ベース） \r\n品質の保持は努力しておりますが、ロット間格差には充分ご注意ください。', 'Extra fine lame fibers make it soft, rich shimmer and luxurious expression. \r\nIt has less pilling and wrinkle-resistant. Also, it is unlikely to lose texture from handwashing. ', 'All 31 original M-type and 5 original P-type colors are in stock.\r\n（please check the stock status before you order.）', '', '1kg/cone(based on raw material quantity)We are trying to serve the best quality.\r\nPlease note that the production lot makes slight differences on colors.', 36, NULL, 'ＥＶＥ Mタイプ,EVE M,eve m,イブ,いぶ,ストレート,ラメ,光沢,ナイロン,ウール,ポリエステル,アクリル', 'eve_m.jpg', 'eve_m_amiji.jpg', 'eve_m_book_1.jpg', 'eve_m_book_2.jpg', '', 1, '2016-03-13 00:00:00', '2016-04-11 11:33:29'),
(19, 'ＥＶＥ Pタイプ', 'ＥＶＥ P', 'イヴ', '1/21', 2, '12G-1P,7G-2P', '極細なラメを使用しているので、ソフトで上品な光沢と高級感がある。\r\n毛玉やしわになりにくく、手洗いによる風合い変化が少ない。', '・Mタイプを３１色とＰタイプを５色のオリジナルカラーを全色ストックしております。\r\n（在庫状況はその都度ご確認ください。）', '', '730ｇ/ｃｏｎｅ\r\n品質の保持は努力しておりますが、ロット間格差には充分ご注意ください。', 'Extra fine lame fibers make it soft, rich shimmer and luxurious expression. \r\nIt has less pilling and wrinkle-resistant. Also, it is unlikely to lose texture from handwashing. ', 'All 31 original M-type and 5 original P-type colors are in stock.\r\n（please check the stock status before you order.）', '', '730g/cone\r\nWe are trying to serve the best quality. Please note that the production lot makes slight differences on colors.', 36, NULL, 'ＥＶＥ Pタイプ,EVE P,eve p,イブ,いぶ,ストレート,ラメ,光沢,ナイロン,ウール,ポリエステル,アクリル', 'eve_p.jpg', 'eve_p_amiji.jpg', '', '', '', 1, '2016-03-13 00:00:00', '2016-04-11 11:34:16'),
(20, 'ＦＡＮＴＡＳＹ', 'ＦＡＮＴＡＳＹ', 'ファンタジー', '1/6', 1, '7G-1P,5G-2P', 'ソリッドカラーはもちろん、染め分けすると、様々な杢の出方が楽しめます。\r\n他の糸と交編する事により、多種多様な編地が楽しめます。\r\n軽くて膨らみがある素材です。', '２８色のオリジナルカラーを、全色ストックしております。\r\n（在庫状況はその都度、ご確認ください。）', '【※在庫がなくなり次第、廃盤となります。】', '1kg/cone（投入ベース）\r\n品質の保持は努力しておりますが、ロット間格差には充分ご注意ください。', 'You can enjoy variety of colors on not only solid colors, but also differential dyeing colors.\r\nThe designs can be widen by crossing other yarns. \r\nThe material is light and fluffy.', 'All 28 original colors in stock.\r\n（please check the stock status before you order. ）', '', '1kg/cone (based on raw material quantity)\r\nWe are trying to serve the best quality. Please note that the production lot makes slight differences on colors.\r\n', 28, NULL, 'ＦＡＮＴＡＳＹ,FANTASY,fantasy,ファンタジー,ふぁんたじー,スラブ,ファンシー,杢調,アクリル', 'fantasy.jpg', 'fantasy_amiji.jpg', 'fantasy_book_1.jpg', 'fantasy_book_2.jpg', '', 1, '2016-03-13 00:00:00', '2016-08-30 16:15:51'),
(21, 'ＦＬＵＦＦＹ', 'ＦＬＵＦＦＹ', 'フラッフィ', '1/9', 2, '7G-1P,5G-2P', 'この素材は毛足の長いモヘヤを使用しています。\r\nソフトで膨らみがあり、軽く仕上がります。\r\n片染め、異色染めすることにより、メランジカラーに仕上がります。', '１６色のオリジナルカラーをストックしております。', '※モヘヤ原料の特性上、繊維が白く見える場合があります。\r\nまた、ブラウンヘアーの混入は避けられませんのでご了承ください。', '', 'This material is contained long-hair mohair. \r\nIt is soft to touch, bulky, and light in finishing. \r\nIt finishes in m?lange color with reverse dye/ shade dyeing.', '16 original reference colors in stock.\r\n', '※Mohair’s natural feature might cause white looks on finishing. Also its brown hair cannot be removed. ', '', 16, NULL, 'ＦＬＵＦＦＹ,FLUFFY,fluffy,フラッフィ,タム,メランジ', 'fluffy.jpg', 'fluffy_amiji.jpg', 'fluffy_book.jpg', '', '', 1, '2016-03-13 00:00:00', '2016-10-13 12:09:13'),
(22, 'ＦＯＵＲ ＭＩＸ', 'ＦＯＵＲ ＭＩＸ', 'フォーミックス', '2/26', 6, '10G-1P,7G-2P', 'ソフトなタッチの中にも適度な弾力性。\r\n厳選された原料を使用しているため白度がある。\r\nレーヨンの絶妙なバランスが程よい質感を表現している。\r\n原料ブレンドのミックス感がエレガントで高級な奥深さを提案。', '４８色のオリジナルカラーを全色ストックしております。\r\n（在庫状況はその都度お問い合わせください。）', '', '1kg/cone（投入ベース）　\r\n品質の保持は努力しておりますが、ロット間格差には充分ご注意ください。', '・balanced texture with softness and flexibility\r\n・Selective material enables to express high degree of whiteness\r\n・Fine balance of 17 composition made its unique texture\r\n・This original composition can express special elegance and sophistication', '・All 48 TOP original colors in stock.\r\n（please check the stock status before you order. ）', '', '1kg/cone (based on raw material quantity)\r\nWe are trying to serve the best quality. Please note that the production lot makes slight differences on colors.', 48, NULL, 'ＦＯＵＲ ＭＩＸ,FOUR MIX,four mix,フォーミックス,ふぉーみっくす,メランジ,紡毛,カシミヤ,カシミア,レーヨン,アンゴラ,ウール', 'four_mix.jpg', 'four_mix_amiji.jpg', 'four_mix_book_1.jpg', 'four_mix_book_2.jpg', 'four_mix_book_3.jpg', 1, '2016-03-13 00:00:00', '2016-04-11 11:18:42'),
(23, 'ＦＯＵＲ ＭＩＸ　ＣＨＩＮＥ', 'ＦＯＵＲ ＭＩＸ　ＣＨＩＮＥ', 'フォーミックス チネ', '1/4.3', 1, '5G-1P,3G-2P', 'ソフトなタッチの中にも適度な弾力性。\r\n厳選された原料を使用しているため白度がある。\r\nレーヨンの絶妙なバランスが程よい質感を表現している。\r\n原料ブレンドのミックス感がエレガントで高級な奥深さを提案。', '１２色のオリジナルカラーを全色ストックしております。\r\n在庫状況はその都度ご確認ください。\r\n※別注も承ります。（３色杢のため、３の倍数量でお願いします。）', '', '1kg/cone（投入ベース）\r\n品質の保持は努力しておりますが、ロット間格差には充分ご注意ください。', '・balanced texture with softness and flexibility\r\n・Selective material enables to express high degree of whiteness\r\n・Fine balance of RAYON composition made its unique texture\r\n・Twisting colors for heather look can express special elegance and sophistication', 'All 12 original colors in stock.\r\n（please check the stock status before you order. ）\r\n*custom-made colors are availabe. (it requires quantity×3 per order for 3-color chine)', '', '1kg/cone (based on raw material quantity)\r\nWe are trying to serve the best quality. Please note that the production lot makes slight differences on colors.', 12, NULL, 'ＦＯＵＲ ＭＩＸ　ＣＨＩＮＥ,FOUR MIX CHINE,four mix chine,フォーミックス モク,ふぉーみっくす もく,杢調,紡毛,カシミヤ,カシミア,ウール,アンゴラ,レーヨン', 'four_mix_chine.jpg', 'four_mix_chine_amiji.jpg', '', '', '', 1, '2016-03-13 00:00:00', '2016-05-28 13:14:17'),
(24, 'ＦＲＥＳＣＯ-Ｚ/ＣＵＴＥ-Ｓ', 'ＦＲＥＳＣＯ-Ｚ/ＣＵＴＥ-Ｓ', 'フレスコ ゼット　キュート エス', '1/68', 8, '16G-2P,14G-2P', '綿の最高級の原料を使い特殊な紡績技術と染色技術でつくられた素材です。\r\n毛羽が少なく表面がクリアでしなやかな肌ざわりを持ち、カラーも深みがあり、さわやかな光沢もあります。', 'フレスコＺをＺ撚り、キュートＳをＳ撚りとして、２タイプを同一４２色で全色ストックしております。\r\nなお、Ｚ・Ｓの同ＬＯＴ管理は致しておりませんのでご了承願います。\r\n在庫状況はその都度ご確認ください。\r\n', '紡績の特性上、少しのNEPが発生しますが、ご了解下さい。', '1kg/cone（投入ベース）\r\n品質の保持は努力しておりますが、ロット間格差には充分ご注意ください。', 'Fresco-Z/ Cute-S is made out of high-graded material and special spinning and dyeing technology \r\nThe texture is smooth with less-hair on surface in deep colors with fresh shimmering. ', 'Fresco-Z for Z twist, Cute-S for S twist. The same color is available. \r\n・All 42 original colors in stock.\r\nZ twist and S twist has different coloring lots. \r\n（please check the stock status before you order. ）', 'Please note that it might have some knobbed parts as a result of spinning process. ', '1kg/cone (based on raw material quantity)\r\nWe are trying to serve the best quality. Please note that the production lot makes slight differences on colors.', 42, NULL, 'ＦＲＥＳＣＯ-Ｚ/ＣＵＴＥ-Ｓ,FRESCO-Z/CUTE-S,fresco-z/cute-s,フレスコ/キュート,ふれすこ/きゅーと,ストレート,光沢,コットン', 'fresco_z.jpg', 'fresco_z_amiji.jpg', 'fresco_z_book_1.jpg', 'fresco_z_book_2.jpg', '', 1, '2016-03-13 00:00:00', '2016-04-14 15:54:42'),
(25, 'ＧＯＳＰＥＬ １０', 'ＧＯＳＰＥＬ １０', 'ゴスペル', '1/10', 2, '7G-1P', 'GOSPELは、マットで繊細な光沢を放つラメ糸です。\r\n重厚な金属のように見えながら、ソフトさと、しなやかさを兼ね備える1製のニット用ラメ素材です。\r\n1独自の高い技術力によって作られた、新感覚の風合いをお楽しみ下さい。\r\n1/10は7Ｇ，8Ｇに対応します。', '２４色のオリジナルスカラーを全色ストックしております。\r\n（在庫はその都度、お問い合わせください。）', '', '500g/cone（投入ベース）\r\n品質の保持は努力しておりますが、ロット間格差には充分ご注意ください。', '“GOSPEL” is one of our best lame yarns made in Japan.\r\nShining with its matte and fine texture,\r\nit expresses a luxurious metal feature but also softness and flexibility. \r\n“GOSPEL” was born under Japan’s technologically rich development. \r\nEnjoy GOSPEL’s unique texture!\r\nCount 1/10 is for 7GG and 8GG.', 'All 24 original colors in stock.　\r\n（please check the stock status before you order.）', '', '500g/cone (based on raw material quantity)\r\nWe are trying to serve the best quality. Please note that the production lot makes slight differences on colors.', 24, NULL, 'ＧＯＳＰＥＬ10,GOSPEL10,gospel10,ゴスペル10,ごすぺる10,ラメ,光沢,ナイロン,アクリル', 'gospel10.jpg', 'gospel10_amiji.jpg', '11e638f554cb4fae5f7767e156016b1dec2e59e3.jpg', '573ee430b9bcb9e4c616c9044eb66c56557b2348.jpg', '', 1, '2016-03-13 00:00:00', '2016-04-12 16:08:19'),
(26, 'ＧＯＳＰＥＬ １０　ＳＰＡＣＥ ＤＹＥ', 'ＧＯＳＰＥＬ １０　ＳＰＡＣＥ ＤＹＥ', 'ゴスペルスペースダイ', '1/10', 2, '7G-1P', 'GOSPELは、マットで繊細な光沢を放つラメ糸です。\r\n重厚な金属のように見えながら、ソフトさと、しなやかさを兼ね備える日本製のニット用ラメ素材です。\r\n日本独自の高い技術力によって作られた、新感覚の風合いをお楽しみ下さい。\r\n1/10は7Ｇ，8Ｇに対応します。', '９色のオリジナルスカラーを全色ストックしております。\r\n（在庫はその都度、お問い合わせください。）', '', '500g/cone（投入ベース）\r\n品質の保持は努力しておりますが、ロット間格差には充分ご注意ください。', '“GOSPEL” is one of our best lame yarns made in Japan.\r\nShining with its matte and fine texture,\r\nit expresses a luxurious metal feature but also softness and flexibility. \r\n“GOSPEL” was born under Japan’s technologically rich development. \r\nEnjoy GOSPEL’s unique texture!\r\nCount 1/10 is for 7GG and 8GG.', 'All 9 original colors in stock.　\r\n（please check the stock status before you order.）', '', '500g/cone (based on raw material quantity)\r\nWe are trying to serve the best quality. Please note that the production lot makes slight differences on colors.', 9, NULL, 'ＧＯＳＰＥＬ １０　ＳＰＡＣＥ ＤＹＥ,GOSPEL 10 SPACE DYE,gospel 10 space dye,ゴスペル10スペースダイ,ごすぺる10すぺすだい,ラメ,光沢,絣,アクリル,ナイロン', 'gospel10_space_dye.jpg', 'gospel10_space_dye_amiji.jpg', '388d69f6faefd7332efc9ad134412e990a66ffb3.jpg', '3b1349fb56a2e39057c9a1f79badc25be456b2b8.jpg', '', 1, '2016-03-13 00:00:00', '2016-04-12 16:05:55'),
(27, 'ＧＯＳＰＥＬ １５', 'ＧＯＳＰＥＬ １５', 'ゴスペル', '1/15', 2, '12G-1P,7G-2P', 'GOSPELは、マットで繊細な光沢を放つラメ糸です。\r\n重厚な金属のように見えながら、ソフトさと、しなやかさを兼ね備える1製のニット用ラメ素材です。\r\n1独自の高い技術力によって作られた、新感覚の風合いをお楽しみ下さい。\r\n1/15は12Ｇ，10Ｇに対応します。', '２４色のオリジナルスカラーを全色ストックしております。\r\n（在庫はその都度、お問い合わせください。）', '', '500g/cone（投入ベース）\r\n品質の保持は努力しておりますが、ロット間格差には充分ご注意ください。', '“GOSPEL” is one of our best lame yarns made in Japan.\r\nShining with its matte and fine texture,\r\nit expresses a luxurious metal feature but also softness and flexibility. \r\n“GOSPEL” was born under Japan’s technologically rich development. \r\nEnjoy GOSPEL’s unique texture!\r\nCount 1/15 is for 12GG and 10GG.', 'All 24 original colors in stock.　\r\n（please check the stock status before you order.）', '', '500g/cone (based on raw material quantity)\r\nWe are trying to serve the best quality. Please note that the production lot makes slight differences on colors.', 24, NULL, 'ＧＯＳＰＥＬ15,GOSPEL15,gospel15,ゴスペル15ごすぺる15,ラメ,光沢,ナイロン,アクリル', 'gospel15.jpg', 'gospel15_amiji.jpg', '1e91381fc275668bdebe13109fad743a1f7713d9.jpg', '44dfa75eae4f4332b1f2c26e1ef1d4ce933fca8a.jpg', '', 1, '2016-03-13 00:00:00', '2016-04-12 16:09:16'),
(28, 'ＧＯＳＰＥＬ ５', 'ＧＯＳＰＥＬ ５', 'ゴスペル', '1/5', 1, '5G-1P', 'GOSPELは、マットで繊細な光沢を放つラメ糸です。\r\n重厚な金属のように見えながら、ソフトさと、しなやかさを兼ね備える1製のニット用ラメ素材です。\r\n1独自の高い技術力によって作られた、新感覚の風合いをお楽しみ下さい。\r\n1/5は5Ｇ，3Ｇに対応します。', '２４色のオリジナルスカラーを全色ストックしております。\r\n（在庫はその都度、お問い合わせください。）', '', '500g/cone（投入ベース）\r\n品質の保持は努力しておりますが、ロット間格差には充分ご注意ください。', '“GOSPEL” is one of our best lame yarns made in Japan.\r\nShining with its matte and fine texture,\r\nit expresses a luxurious metal feature but also softness and flexibility. \r\n“GOSPEL” was born under Japan’s technologically rich development. \r\nEnjoy GOSPEL’s unique texture!\r\nCount 1/5 is for 5GG and 3GG.', 'All 24 original colors in stock.　\r\n（please check the stock status before you order.）', '', '500g/cone (based on raw material quantity)\r\nWe are trying to serve the best quality. Please note that the production lot makes slight differences on colors.', 24, NULL, 'ＧＯＳＰＥＬ5,GOSPEL5,gospel5,ゴスペル5,ごすぺる5,ラメ,光沢,ナイロン,アクリル', 'gospel5.jpg', 'gospel5_amiji.jpg', 'prism.jpg', '', '', 1, '2016-03-13 00:00:00', '2016-04-11 11:31:56'),
(29, 'ＧＲＡＮＤＥ', 'ＧＲＡＮＤＥ', 'グランデ', '1/38', 7, '14G-2P,12G-3P', 'クリスタルな輝きを持つ高級ブライトレーヨンです。\r\n透明感のある鮮明な発色性と、ソフトでシルキーな風合いが特徴です。', '１０５色のオリジナルカラーのうち、５０色のみサンプル糸をストックしております。', '（Not recommend　Plain Jersey)\r\n＊天竺使用不可', '500g/cone（投入ベース）\r\n品質の保持は努力しておりますが、ロット間格差には充分ご注意ください。', 'This is a high quality Bright RAYON with glittering like crystal.\r\nThis material is transparent and vivid colors with soft and silky texture.', '50 colors out of 105 original colors are in stock as sampling yarns.', 'Please note that we do not recommend a plain stitch design for GRANDE.', '500g/cone (based on raw material quantity)\r\nWe are trying to serve the best quality. Please note that the production lot makes slight differences on colors.', 105, NULL, 'ＧＲＡＮＤＥ,GRANDE,grande,ストレート,光沢,レーヨン', 'grande.jpg', 'grande_amiji.jpg', 'grande_book_1.jpg', 'grande_book_2.jpg', '', 1, '2016-03-13 00:00:00', '2016-04-11 11:31:37');
INSERT INTO `yarns` (`id`, `name`, `e_name`, `furigana`, `count`, `count_id`, `gauge`, `spec`, `stock`, `other`, `tailor`, `e_spec`, `e_stock`, `e_other`, `e_tailor`, `color_num`, `bespoke`, `keyword`, `image1`, `image2`, `image3`, `image4`, `image5`, `status`, `created`, `modified`) VALUES
(30, 'ＧＵＳＴＡ', 'ＧＵＳＴＡ', 'グスタ', '2/8', 5, '5G-1P,3G-2P,HAND KNIT', '非常にバルキッシュな特性を持つウールを使用した素材です。\r\nその、ウールの特性を最大限に生かし、コード調のローゲージ用素材に仕立てました。\r\n天竺はもちろん、ニット特有の地柄組織にも適しています。\r\n空気をたっぷりと含み、スポンディッシュで、軽い編地に仕上がります。', '18色のオリジナルカラーを上海で全色ストックしております。\r\n（在庫は都度ご確認ください）', '', '1kg/cone（投入ベース）\r\n※品質の保持は極力努力しておりますが、ロット間格差には充分ご注意ください。', 'It features highly bulky yarn with wool fiber.\r\nFor getting the most out of the feature of wool, we chose the code shape with low gauge.\r\nIt suit with not only plain stitch but also many patterns as knitting can express. \r\nAiry and spongy material can finish light-weight garments. \r\n\r\n', 'All 18 original colors are in Shanghai in stock. \r\n(please check the stock status before you order)\r\n', '[Conditions]\r\n1KG/cone (based on raw material quantity)\r\nWe are trying to serve the best quality. Please note that the production lot makes slight differences on colors.\r\n', '', 18, NULL, 'ＧＵＳＴＡ,gusta,GUSTA,グスタ,ぐすた,メランジ,梳毛,ウール', 'sh_gusta.jpg', 'sh_gusta_amiji.jpg', 'sh_gusta_book.jpg', '', '', 1, '2016-03-13 00:00:00', '2016-05-28 13:34:04'),
(31, 'ＨＡＲＲＹ', 'ＨＡＲＲＹ', 'ハリー', '2/100', 8, '16G-2P,14G-2P', 'ＨＡＲＲＹ・ＳＯＦＦＹは、コンパクトスピンという紡績機で作られた、\r\n細番手ハイゲージ用の高級綿糸で、毛羽が少なく、シルキーな光沢が特徴です。\r\nＨＡＲＲＹは強撚でサラッとしたシャリ感があり、\r\nＳＯＦＦＹは普通撚り、ソフトな風合いで、企画によって使い分け頂けます。\r\n 吸湿性と通気性に優れている。', '４８色のオリジナルカラーを全色ストックしております。\r\n（在庫状況は、その都度ご確認ください）　※別注色も承ります（要染色期間）', '', '1kg/cone（投入ベース）\r\n品質の保持は努力しておりますが、ロット間格差には充分ご注意ください。', 'Harry/ Soffy, spun from Compact Spinning machines,\r\nis luxurious COTTON yarn for fine-count and high-gauge.\r\nFuzz-less and silky texture with shimmer look. Harry: high-twist,\r\nfresh texture with crisp to touch, Soffy: normal-twist, soft to touch.\r\nYou can use them as the situation demands.\r\nGreat on moisture-absorption and air permeability.', 'All 48 original colors in stock.\r\n（please check the stock status before you order. ）', '', '1kg/cone (based on raw material quantity)\r\nWe are trying to serve the best quality. Please note that the production lot makes slight differences on colors.', 48, NULL, 'ＨＡＰＰＹ,HAPPY,happy,ハッピー,はっぴー,ストレート,メランジ,光沢,コットン', 'harry.jpg', 'harry_amiji.jpg', '', '', '', 1, '2016-03-13 00:00:00', '2016-05-20 11:33:11'),
(32, 'ＨＥＲＯ', 'ＨＥＲＯ', 'ヒーロー', '1/7', 1, '7G-1P、5G-2P', 'ハリコシに富んだ、ドライで清涼感溢れる風合いと、リネンのナチュラルさを合わせた春夏用素材です。\r\n天竺はもちろん、針抜き柄、透かし柄等のレーシーな編み組織がお薦めです。\r\n同タイプの12G用として、SALASAも用意しております。', '２８色のオリジナルカラーを全色ストックしております。\r\n（在庫状況はその都度お問い合わせください。）\r\nリネンの色残しをしている色は、リネン色のLOT色差が出ますのでご了承下さい。', '', '1kg/cone（投入ベース）\r\n品質の保持は努力しておりますが、ロット間格差には充分ご注意ください。', 'The texture is fresh and dry with flexibility, for Spring/ Summer collection with LINEN''s natural taste. \r\nThis is compatible to broad stitches, openwork knitting, and other lacy looks. \r\nThe same type for 12 GG is “SALASA”.', 'All 28 original colors in stock.\r\n（please check the stock status before you order. ）\r\nNatural 10 colors can cause color differences between production lots. ', '', '1kg/cone (based on raw material quantity)\r\nWe are trying to serve the best quality. Please note that the production lot makes slight differences on colors.', 24, NULL, 'ＨＥＲＯ,HERO,hero,ヒーロー,ひーろー,リネン混,レーヨン,リネン,コットン,ギマタイプ', 'hero.jpg', 'hero_amiji.jpg', 'ab7282a6e0617d88df5f0ad325289c3581492df7.jpg', '93555bec1a0a19f307377e96c609e363fa879d03.jpg', '', 1, '2016-03-13 00:00:00', '2016-04-13 17:37:21'),
(33, 'ＨＵＳＨ ', 'ＨＵＳＨ ', 'ハッシュ', '2/12', 2, '5G-1P', 'HUSHは、厳冬で多湿な気候風土で飼育された英国羊毛を混紡した素材です。\r\nそのため、保湿性はもちろん、弾力性と耐久性に優れ、\r\n独特の「ハリ」と「軽さ」があり、トラッドな雰囲気を持った素材に仕上がっています。', '・１６色のオリジナルカラーをストックしております。\r\n（C/#01～07はTOPカラー、C/#08～16はソリッド（糸染め）カラーになります。）\r\nTOPとソリッドでは、若干の風合い差が生じることがありますのでご了承のうえ、ご使用ください。', '', '1kg/cone（投入ベース）\r\n品質の保持は努力しておりますが、ロット間格差には充分ご注意ください。', '“HUSH” is blended british WOOL yarn. The WOOL has fostered in severe winter of humidity.\r\nIts weather made it moisture rich, flexible, and durable material.\r\nIt has very distinguished flexibility and lightness with trad-style impression. ', 'All 16 original colors in stock.\r\n(the color number refers to C/#01～07 for TOP, C/#08～16 for solid (yarn-dyed))\r\nBetween TOP and solid colors, there is a little defference on texture. Please note before use. ', '', '  kg/cone (based on raw material quantity)\r\nWe are trying to serve the best quality. Please note that the production lot makes slight differences on colors.', 16, NULL, 'ＨＵＳＨ,HUSH,hush,ハッシュ,はっしゅ,メランジ,光沢,紡毛,ウール', 'hush.jpg', 'hush_amiji.jpg', 'hush_book.jpg', '', '', 1, '2016-03-13 00:00:00', '2016-05-28 13:21:44'),
(34, 'ＪＡＭＪＡＭ　', 'ＪＡＭＪＡＭ', 'ジャムジャム', '1/10', 2, '7G-1P,5G-2P', '長い毛足と、柔らかい手触り。\r\n特殊製法による、抜群の軽さ。\r\n弱ストレッチによる、優れた形態安定性。\r\nJAMJAMは、特殊な製法によって、従来のタム糸とは差別化された次世代のモヘア混タム素材です。\r\n他素材との交編にも適し、幅広い企画に対応できます。\r\n', '４２色のオリジナルカラーを全色ストックしております。\r\n在庫状況はその都度ご確認ください。', '', '1kg/cone（投入ベース）\r\n品質の保持は努力しておりますが、ロット間格差には充分ご注意ください。', '・Long fiber and soft to touch\r\n・Extra lightness with special technology. \r\n・Highly shape-stability with soft stretch\r\n・JAM JAM is a new generation mohair blended tam with a special technology,\r\nwhich made it distinguishable from normal tam yarn.\r\n・It is suitable to use with other yarns. It offers you wide variety of designs.', 'All 42 original colors in stock.　\r\n（please check the stock status before you order. ）', '', '1kg/cone (based on raw material quantity)\r\nWe are trying to serve the best quality. Please note that the production lot makes slight differences on colors.', 42, NULL, 'モヘア,モヘヤ,ＪＡＭＪＡＭ,ジャムジャム,じゃむじゃむ,jamjam,ストレッチ,タム,ナイロン,アクリル', 'jam_jam.jpg', 'jamjam_amiji.jpg', 'jamjam_book_1.jpg', 'jamjam_book_2.jpg', '', 1, '2016-03-13 00:00:00', '2016-04-11 11:39:20'),
(35, 'ＪＡＳＰＥＲ110', 'ＪＡＳＰＥＲ110', 'ジャスパー', '1/110', 4, '14G-1P,12G-1P', 'ウーリーナイロンのダブルカバーでソフトな感触。\r\nエレガントな光沢でなめらかな肌ざわり。細く柔軟な糸で適度なストレッチ感と形態安定。', '３０色のオリジナルカラーを全色ストックしております。\r\n在庫はその都度ご確認ください。', '（Plating Only)\r\n＊二重臼専用', '350g/cone（投入ベース）\r\n品質の保持は努力しておりますが、ロット間格差には充分ご注意ください。', 'This is a lame material with decent stretch and shape-stability. \r\nIt is easier to knit than normal lame with the flexibility. Soft to touch and luxurious glimmer. ', 'All 30 original colors in stock.　\r\n（please check the stock status before you order. ）', 'For plating use only', '350g/cone (based on raw material quantity)\r\nWe are trying to serve the best quality. Please note that the production lot makes slight differences on colors.', 30, NULL, 'ＪＡＳＰＥＲ,JASPER,jasper,ジャスパー,じゃすぱー,ストレッチ,ストレート,光沢,ラメ,ポリエステル,ナイロン', 'jasper110.jpg', 'jasper110_amiji.jpg', 'c2b36b6c5ac2168a2a5b3ea14702a11a9ea28928.jpg', '2cf82bda329ce5eb114e6dd43f5bc34752f41976.jpg', '', 1, '2016-03-13 00:00:00', '2016-04-12 16:02:07'),
(36, 'ＪＡＳＰＥＲ140', 'ＪＡＳＰＥＲ140', 'ジャスパー', '1/140', 4, '16G-1P,14G-1P', 'ウーリーナイロンのダブルカバーでソフトな感触。\r\nエレガントな光沢でなめらかな肌ざわり。細く柔軟な糸で適度なストレッチ感と形態安定。', '３０色のオリジナルカラーを全色ストックしております。\r\n在庫はその都度ご確認ください。', '(Plating Only)\r\n*二重臼専用', '350g/cone（投入ベース）\r\n品質の保持は努力しておりますが、ロット間格差には充分ご注意ください。', 'This is a lame material with decent stretch and shape-stability. \r\nIt is easier to knit than normal lame with the flexibility. Soft to touch and luxurious glimmer. ', 'All 30 original colors in stock.　\r\n（please check the stock status before you order. ）', 'For plating use only', '350g/cone (based on raw material quantity)\r\nWe are trying to serve the best quality. Please note that the production lot makes slight differences on colors.', 30, NULL, 'ＪＡＳＰＥＲ,JASPER,jasper,ジャスパー,じゃすぱー,ストレッチ,ストレート,ラメ,光沢,ポリエステル,ナイロン', 'jasper140.jpg', 'jasper140_amiji.jpg', '36e6798a7f29442e19ab420b96e6f2d45a0795ff.jpg', 'f2a11a7c0e758a2fb6bd2822b9e6b482e0a723fc.jpg', '', 1, '2016-03-13 00:00:00', '2016-04-12 13:44:03'),
(37, 'ＫＡＬＯＯ', 'ＫＡＬＯＯ', 'カルー', '1/13', 2, '7G-1P,5G-2P', '軽くて柔らかな、細番手のループヤーンです。\r\n他素材との組み合わせで様々な表情が作れます。\r\n一部の色は、ラピタ32と同色になっておりますので、組み合わせてご使用頂けます。', '・２４色のオリジナルカラーを全色ストックしております。\r\n（在庫状況はその都度お問い合わせください。）', '', '1kg/cone（投入ベース）\r\n品質の保持は努力しておりますが、ロット間格差には充分ご注意ください。', 'Light-weight, soft, and fine count loop yarn. \r\nThis yarn can express a variety of designs with other materials. \r\nSeveral colors are the same colors as “RAPITA 32”. Those two materials are easy to match in colors. ', '・All 24 colors in stock.\r\n（please check the stock status before you order.）', '', '1kg/cone (based on raw material quantity)\r\nWe are trying to serve the best quality. Please note that the production lot makes slight differences on colors.', 24, NULL, 'ＫＡＬＯＯ,KALOO,kaloo,カルー,かるー,ファンシー,ブークレ,ループ,ウール,ナイロン,アクリル', 'kaloo.jpg', 'kaloo_amiji.jpg', 'kaloo_book.jpg', '', '', 1, '2016-03-13 00:00:00', '2016-04-11 11:44:46'),
(38, 'ＫＥＮＡＦ ＷＯＯＬ', 'ＫＥＮＡＦ WOOL', 'ケナフウール', '30/2', 7, '14G-1P、12G-2P', '草本原料のケナフを使用し生産されたレーヨンに、天然素材のウールを混紡したエコロジーな素材です。\r\n光沢感があり、革新紡績のクリアーな表面感で、比較的毛玉が起こりにくい素材です。', '５６色のオリジナルカラーを全色ストックしております。\r\n（在庫状況はその都度お問い合わせください。）', '', '1kg/cone（投入ベース）\r\n品質の保持は努力しておりますが、ロット間格差には充分ご注意ください。', 'This is an eco-friendly yarn made out of RAYON from a grass plant called kenaf and natural WOOL blended.\r\nNew spinning technology makes it shimmering and lucent on surface, and anti-pilling.', 'All 56 original colors in stock.　\r\n（please check the stock status before you order.）', '', '1kg/cone (based on raw material quantity)\r\nWe are trying to serve the best quality. Please note that the production lot makes slight differences on colors.', 56, NULL, 'ＫＥＮＡＦ ＷＯＯＬ,KENAF WOOL,kenaf wool,ケナフウール,けなふうーる,ストレート,メランジ,レーヨン,ウール', 'kenaf_wool.jpg', 'kenaf_wool_amiji.jpg', 'kenaf_wool_book_1.jpg', 'kenaf_wool_book_2.jpg', 'kenaf_wool_book_3.jpg', 1, '2016-03-13 00:00:00', '2016-05-28 13:16:29'),
(39, 'ＫＩＮＧ ＢＥＡＲ', 'ＫＩＮＧ ＢＥＡＲ', 'キングベア', '1/52', 4, '16G-2P,14G-2P', 'パルプから作られたレーヨンフィラメントと光沢、ソフトさを兼ね備えた特殊ナイロンとの複合素材です。\r\nしなやかなタッチでドレープ性に優れている。\r\n豊かな光沢性。吸湿性に優れた素材。', '５４色のオリジナルカラーを全色ストックしております。\r\n（在庫状況はその都度、ご確認ください。）', '', '1kg/cone（投入ベース）\r\n品質の保持は努力しておりますが、ロット間格差には充分ご注意ください。', 'KING BEAR is mixed with RAYON-filaments and special NYLON with extra softness.\r\n・Flexible to touch. High draped.\r\n・Luxury shimmer.\r\n・Well moisture-absorption characteristics.', 'All 54 colors in stock.\r\n（please check the stock status before you order.）', '', '1kg/cone (based on raw material quantity)\r\nWe are trying to serve the best quality. Please note that the production lot makes slight differences on colors.', 54, NULL, 'ＫＩＮＧ ＢＥＡＲ,KING BEAR,king bear,キングベアー,きんぐべあー,ストレート,光沢,ナイロン,レーヨン', 'king_bear.jpg', 'king_bear_amiji.jpg', 'king_bear_book_1.jpg', 'king_bear_book_2.jpg', '', 1, '2016-03-13 00:00:00', '2016-04-11 11:30:55'),
(40, 'ＬＡ・ＴＴＥ', 'ＬＡ・ＴＴＥ', 'ラテ', '1/8.5', 1, '7G-1P', '手洗い可能なイージーケア素材です。\r\n（洗濯性は、度目や組織、製品仕様によって異なりますので、必ず、製品での試験を行ってください。）\r\n糸形状が扁平なので軽くてサラッとした清涼感ある風合い。\r\nソリッドカラーはもちろん、染め分けで、杢調表現（ミックス）が楽しめます。\r\n他素材との交編にも適し、F/W用素材でも楽しめます。', '２７色のオリジナルカラーを全色ストックしております。\r\n（在庫状況はその都度、ご確認ください。）', '【※在庫がなくなり次第、廃盤となります。】', '1kg/cone（投入ベース）\r\n品質の保持は努力しておりますが、ロット間格差には充分ご注意ください。', 'Hand-washable material makes it easy to care. \r\n(For washable garments, the sampling test is required on account of tensions, constructions, and designs). \r\nTaped shape has fresh texture with lightness. \r\nYou can enjoy variety of colors on not only solid colors, but also differential dyeing colors.\r\nThe designs can be widen by crossing other yarns for not only S/S but also F/W season.', 'All 27 original colors in stock.\r\n（please check the stock status before you order. ）', '', '1kg/cone (based on raw material quantity)\r\nWe are trying to serve the best quality. Please note that the production lot makes slight differences on colors.', 27, NULL, 'ＬＡ・ＴＴＥ,LA・TTE,la・tte,ラテ,らて,テープ,ファンシー,ナイロン,アクリル', 'la_tte.jpg', 'la_tte_amiji.jpg', 'la_tte_book_1.jpg', 'la_tte_book_2.jpg', '', 1, '2016-03-13 00:00:00', '2016-08-30 16:16:24'),
(41, 'ＬＥＭＯＮ', 'ＬＥＭＯＮ', 'レモン', '1/15', 2, '10G-1P,7G-2P', 'ナチュラルなTOPリネンの色目を生かした、スラブヤーンです。\r\nリネンの持つ光沢感と清涼感、綿の柔らかさが程よくマッチし、スラブの形状が、一層、天然素材らしさを引き立てています。', '１２色のオリジナルカラーを上海で全色ストックしております。\r\n（在庫状況は、その都度ご確認ください）', 'リネンは天然繊維のため、原料ごと（紡績LOT）により、多少の色差が生じることがあります。\r\nご了承の上、ご使用ください。', '1kg/cone（投入ベース）\r\n※品質の保持は極力努力しておりますが、ロット間格差には充分ご注意ください。', 'This is a slub yarn with natural TOP linen colors. \r\nShimmering and freshing texture of linen matches on softness from cotton fiber. Slub looks extracted its natural appearance. \r\n', 'All 12 original colors in Shanghai in stock.\r\n（please check the stock status before you order. ）', 'Please note that natural 10 fiber makes some color unevenness among sets of production lots.', '1KG/cone (based on raw material quantity)\r\nWe are trying to serve the best quality. Please note that the production lot makes slight differences on colors.', 12, NULL, 'ＬＥＭＯＮ,LEMON,lemon,レモン,れもん,スラブ,ファンシー,リネン混,杢調,リネン,コットン', 'sh_lemon.jpg', 'sh_lemon_amiji.jpg', '', '', '', 1, '2016-03-13 00:00:00', '2016-10-12 14:27:52'),
(42, 'ＬＩＬＩＢＥＴ', 'ＬＩＬＩＢＥＴ', 'リリベット', '1/70', 4, '16G-2P,14G-2P', 'リリベットはソロテックス®社の先進技術と極細ラメ糸の特殊撚糸技術が融和したニューストレッチメタリックヤーンです。\r\n極細のスリット糸と、<ソロテックス®>の複合でマット仕上がりの風合いが非常にソフトです。\r\n適度なストレッチバッグ性が、体にフィット感を与え、商品の型崩れが少なく、形態安定に優れています。\r\n（※ソロテックス®、SOLOTEX®は、ソロテックス社の登録商標です。）', '２９色のオリジナルカラーを全色ストックしております。\r\n（在庫状況は、その都度ご確認ください。）', '', '500g/cone（投入ベース）\r\n品質の保持は努力しておりますが、ロット間格差には充分ご注意ください。', '“LILIBET” is a new type of yarn on stretch metallic materials\r\nwith cutting-edge technology of SOLOTEX<sup>&reg;</sup> and extra fine lame spinning technology. \r\nBlending extra fine slit and SOLOTEX<sup>&reg;</sup> fiber expresses matte on surface and very soft to touch. \r\nDecent stretch fits bodies and stables its shape. \r\n*SOLOTEX<sup>&reg;</sup> is a registered brand. ', 'All 29 original colors in stock.\r\n（please check the stock status before you order. ）', '', '500g/cone (based on raw material quantity)\r\nWe are trying to serve the best quality. Please note that the production lot makes slight differences on colors.', 29, NULL, 'ＬＩＬＩＢＥＴ,LILIBET,lilibet,リリベット,りりべっと,ストレッチ,ラメ,光沢,ポリエステル', 'lilibet.jpg', 'lilibet_amiji.jpg', 'lilibet_book_1.jpg', '', '', 1, '2016-03-13 00:00:00', '2016-10-13 12:20:53'),
(43, 'ＬＩＭＥ', 'ＬＩＭＥ', 'ライム', '1/8.3', 1, '7G-1P,5G-2P', '綿麻のスラブ糸とポリエステルの杢糸です。\r\nネオンカラーとナチュラル糸２色との３色MIX感が特長です。\r\nゾッキ使いはもちろん、他素材との交編にも適しています。\r\n注意：素材の特性上編み組織によってはポリエステル糸の編みはずれや引っ掛かりが生じる場合があります。\r\n十分にご検討の上、ご使用ください。', '１２色のオリジナルカラーを上海で全色ストックしております。\r\n（在庫状況は、その都度ご確認ください）', '', '1kg/cone（投入ベース）\r\n※品質の保持は極力努力しておりますが、ロット間格差には充分ご注意ください。', 'This is a melange yarn with cotton linen slub and polyester. \r\nIt features on its mixed colors; neon dyed and 2 types of natural parts.\r\nIt suits not only single yarn to use, but also with other materials. \r\nAttention\r\nIt might be occurred skipping or broken stitches on polyester parts. Please test before use. \r\n', 'All 12 original colors in are Shanghai in stock. \r\n(please check the stock status before you order)\r\n', '[Conditions]\r\n1KG/cone (based on raw material quantity)\r\nWe are trying to serve the best quality. Please note that the production lot makes slight differences on colors.\r\n', '', 12, NULL, 'ＬＩＭＥ,LIME,lime,ライム,らいむ,スラブ,ファンシー,リネン混,杢調,リネン,コットン,アクリル,ポリエステル', 'sh_lime.jpg', 'sh_lime_amiji.jpg', 'sh_lime_book.jpg', '', '', 1, '2016-03-13 00:00:00', '2016-05-28 13:37:00'),
(44, 'ＬＯＵＩＳＥ', 'ＬＯＵＩＳＥ', 'ルイーズ', '1/10', 2, '7G-1P,5G-2P', '長い毛足と柔らかい手触りのモヘア混タム糸です。\r\nソリッドカラー１８色、カスリ６色の計２４色展開しています。\r\n他素材との交編にも適し、幅広い企画に対応できます。', '18色のオリジナルカラーを上海で全色ストックしております。\r\n（在庫は都度ご確認ください）', '', '1kg/cone（投入ベース）\r\n※品質の保持は極力努力しておりますが、ロット間格差には充分ご注意ください。', 'This is a mixed mohair Tam yarn with long-hair and soft to touch. \r\nAll 24 colors; 18 solid, 6 space dyed are available.\r\nIt suits with other materials which widen the variety of designs.\r\n\r\n', 'All 18 original colors are in Shanghai in stock. \r\n(please check the stock status before you order)\r\n', '[Conditions]\r\n1KG/cone (based on raw material quantity)\r\nWe are trying to serve the best quality. Please note that the production lot makes slight differences on colors.\r\n', '', 18, NULL, 'モヘア,モヘヤ,ＬＯＵＩＳＥ,louse,LOUISE,ルイーズ,タム,アクリル,ナイロン', 'sh_louise_solid.jpg', 'sh_louise_solid_amiji.jpg', 'sh_louise_solid_book.jpg', '', '', 1, '2016-03-13 00:00:00', '2016-05-28 13:38:59'),
(45, 'ＬＯＵＩＳＥ ＳＰＡＣＥ ＤＹＥ', 'ＬＯＵＩＳＥ ＳＰＡＣＥ ＤＹＥＤ', 'ルイーズ スペースダイ', '1/10', 2, '7G-1P,5G-2P', '長い毛足と柔らかい手触りのモヘア混タム糸です。\r\nソリッドカラー１８色、カスリ６色の計２４色展開しています。\r\n他素材との交編にも適し、幅広い企画に対応できます。', '6色のオリジナルカラーを上海で全色ストックしております。\r\n（在庫は都度ご確認ください）', '', '1kg/cone（投入ベース）\r\n※品質の保持は極力努力しておりますが、ロット間格差には充分ご注意ください。', 'This is a mixed mohair Tam yarn with long-hair and soft to touch. \r\nAll 24 colors; 18 solid, 6 space dyed are available.\r\nIt suits with other materials which widen the variety of designs.\r\n\r\n', 'All 6 original colors are in Shanghai in stock. \r\n(please check the stock status before you order)\r\n', '', '[Conditions]\r\n1KG/cone (based on raw material quantity)\r\nWe are trying to serve the best quality. Please note that the production lot makes slight differences on colors.', 6, NULL, 'モヘア,モヘヤ,ＬＯＵＩＳＥ ＳＰＡＣＥ ＤＹＥ,ルイーズ スペースダイ,LOUISE SPACE DYE,タム,絣,ナイロン,アクリル', 'sh_louise_space_dye.jpg', 'sh_louise_space_dye_amiji.jpg', '', '', '', 1, '2016-03-13 00:00:00', '2016-10-13 12:12:00'),
(46, 'ＬＵＣＣＡ', 'ＬＵＣＣＡ', 'ルッカ', '2/30', 7, '12G-1P,7G-2P', '獣毛（ウールとアンゴラ）、化学繊維（レーヨンとナイロン）の４種類の繊維の特徴が最大限に生きるよう、\r\n独自の配合を行っています。\r\n絶妙なブレンド感が、柔らかさと軽さを生み出しています。\r\n工場独自の技術により、従来の紡毛にはない、2/30の細さに仕上がっています。\r\nLUCCAは12GGでの商品企画にも対応する、まさに次世代の紡毛糸です。\r\n全色TOPメランジ染色により、深みと高級感に溢れたカラー提案を実現しています。\r\n３６色のカラー展開により、ボーダー、ジャガードなど、幅広い商品展開に対応可能です。', '３６色のオリジナルカラーを全色ストックしています。\r\n（在庫状況はその都度ご確認ください）', '', '1kg/cone（投入ベース）\r\n品質の保持は努力しておりますが、ロット間格差には充分ご注意ください。', 'To make all the 4 compositions (RAYON, NYLON, WOOL and ANGORA) to the best and uttermost features,\r\nwe developed our own techniques for producing special effects in this yarn.\r\nOur original blending process makes its extreme softness and lightness.\r\nLUCCA’s mill has non-conventional technique for making fine 2/30 counts with WOOL yarn.\r\nThis yarn can suit your idea of 12GG with WOOL mixed yarn.\r\nThis is the WOOL yarn for a next-generation. \r\nSince all colors are dyed from TOP melange, you can make use of its rich colors to your ideas. \r\n36 colors are in stock. From horizontal-stripe to jacquard, it suits to a wide range of patterns. ', 'All 36 original colors in stock.\r\n（please check the stock status before you order. ）', '', '1kg/cone (based on raw material quantity)\r\nWe are trying to serve the best quality. Please note that the production lot makes slight differences on colors.', 36, NULL, 'ＬＵＣＣＡ,LUCCA,lucca,ルッカ,るっか,メランジ,紡毛,アンゴラ,ナイロン,レーヨン,ウール', 'lucca.jpg', 'lucca_amiji.jpg', 'lucca_book_1.jpg', 'lucca_book_2.jpg', '', 1, '2016-03-13 00:00:00', '2017-05-19 18:38:10'),
(47, 'ＭＩＸ ＢＲＵＳＨ', 'ＭＩＸ ＢＲＵＳＨ', 'ミックスブラッシュ', '1/6', 1, '5G-1P', 'アルパカのナチュラルな風合い。\r\n起毛糸の為、ソフトでヘアリーな非常に軽い素材です。\r\n※アルパカのナチュラル原毛を使用している為、\r\nロットによる若干の色差が生じる場合がございますので、予めご了承ください。', '５色のオリジナルカラーを全色香港にストックしております。\r\n（在庫はその都度、お問い合わせください。）', '', '1kg/cone（投入ベース）\r\n品質の保持は努力しておりますが、ロット間格差には充分ご注意ください。', '・ALPACA’s natural texture. Nap yarn’s soft, fluffy, and lightweight feature is highly distinguished.\r\n*Please note that there might be color differences on production lots on account of natural fiber from ALPACA. ', 'All 5 original colors in stock in Hong Kong. \r\n（please check the stock status before you order. ）', '', '1kg/cone (based on raw material quantity)\r\nWe are trying to serve the best quality. Please note that the production lot makes slight differences on colors.', 5, NULL, 'ＭＩＸ ＢＲＵＳＨ,ミックスブラッシュ,みっくすぶらっしゅ,mix brush,MIX BRUSH,テープ,メランジ', 'hk_mixbrush.jpg', 'hk_mix_brush_amiji.jpg', '', '', '', 1, '2016-03-13 00:00:00', '2016-04-08 14:57:44'),
(48, 'ＭＩＸ ＫＮＵＴＳ', 'ＭＩＸ ＫＮＵＴＳ', 'ミックスナッツ', '1/4', 1, '3G-1P,HAND KNIT', 'アルパカのナチュラルな風合い。ストレッチを効かせた非常に軽い素材です\r\nゾッキ等でのアウター企画はもちろん、衿などのパーツ使いに最適な素材です。\r\n※アルパカのナチュラル原毛を使用している為、\r\nロットによる若干の色差が生じる場合がございますので、予めご了承ください。', '９色のオリジナルカラーを全色香港にストックしております。\r\n（在庫はその都度、お問い合わせください。）', '', '1kg/cone（投入ベース）\r\n品質の保持は努力しておりますが、ロット間格差には充分ご注意ください。', '・ALPACA’s natural texture with stretch effects. Extremely light weight. \r\n・Suitable for designing not only jackets with other yarns, but collars and other parts.\r\n*Please note that there might be color differences on production lots on account of natural fiber from ALPACA. ', 'All 9 original colors in stock in Hong Kong.\r\n（please check the stock status before you order. ）', '', '1kg/cone (based on raw material quantity)\r\nWe are trying to serve the best quality. Please note that the production lot makes slight differences on colors.', 9, NULL, 'ＭＩＸ ＫＮＵＴＳ,MIX KNUTS,mix knuts,ミックスナッツ,みっくすなっつ,ストレッチ,ファンシー,ループ,スパンデックス,ナイロン,アクリル,アルパカ,ウール', 'hk_mixnuts.jpg', 'hk_mix_knuts_book.jpg', '', '', '', 1, '2016-03-13 00:00:00', '2016-04-12 11:18:47'),
(49, 'ＭＯＯＤＹ　日本', 'ＭＯＯＤＹ（Ｊａｐａｎ）', 'ムーディー', '1/14', 2, '10G-1P,7G-2P', 'MOODYはエクストラファインメリノウールを使用し、\r\n無撚りで作られた表情豊かなブークレヤーンです。\r\n・軽くて、柔らかい風合い\r\n・発色性があり、深みのある色合い\r\n・表情豊かで多種多様な編地が楽しめます。', '５６色（内ＴＯＰ６色）のオリジナルカラーを全色ストックしています。\r\n　カラーＮＯ下　(W)・・・芯白　(B)・・・芯黒　(TOP)・・・TOP　となっております。\r\n（在庫状況は、その都度、ご確認下さい。', '<注意事項＞\r\n適正ゲージは１０Ｇです。\r\n１２Ｇで編まれる場合、編み傷や糸切れの原因となりますのでご確認・検討の上、ご使用をお願い致します。', '1kg/cone（投入ベース）\r\n品質の保持は努力しておりますが、ロット間格差には充分ご注意ください。', 'MOODY is contained with extra fine merino WOOL, non-twisted expressive boucle yarn.\r\n・light-weight, soft to touch\r\n・beautiful finishing with deeply dyed material\r\n・expressive with various type of patterns', '・All 56(6 TOP colors inc.) original colors in stock\r\n・Along with the color number,\r\n(W)… white core, (B)… black core, (TOP)…TOP for your reference.\r\nPlease check the stock status before you order.', '<Attention>\r\n・10GG is the most preferable gauges.\r\nPlease test before 12GG on production and make sure the cause\r\nof thin places or broken parts of finishing.', '1kg/cone (based on raw material quantity)\r\nWe are trying to serve the best quality. Please note that the production lot makes slight differences on colors.', 56, NULL, 'ＭＯＯＤＹ,MOODY,moody,ムーディ,むーでぃ,ファンシー,ブークレ,メランジ,ループ,ナイロン,ウール', 'hk_moody.jpg', '', '', '', '', 1, '2016-03-13 00:00:00', '2016-10-14 09:42:11'),
(50, 'ＭＯＯＤＹ　香港', 'ＭＯＯＤＹ（ＨｏｎｇＫｏｎｇ）', 'ムーディー', '1/14', 2, '10G-1P,7G-2P', 'MOODYはエクストラファインメリノウールを使用し、\r\n無撚りで作られた表情豊かなブークレヤーンです。\r\n・軽くて、柔らかい風合い\r\n・発色性があり、深みのある色合い\r\n・表情豊かで多種多様な編地が楽しめます。', '５６色（内ＴＯＰ６色）のオリジナルカラーでBOOK展開をしていますが、香港での在庫については301・303・304・305・307・309・310・325・332・356の計10色のサンプル糸のみとなり、現物は日本からの出荷となります。\r\n　カラーＮＯ下　(W)・・・芯白　(B)・・・芯黒　(TOP)・・・TOP　となっております。\r\n（在庫状況は、その都度、ご確認下さい。', '<注意事項＞\r\n適正ゲージは１０Ｇです。\r\n１２Ｇで編まれる場合、編み傷や糸切れの原因となりますのでご確認・検討の上、ご使用をお願い致します。', '1kg/cone（投入ベース）\r\n品質の保持は努力しておりますが、ロット間格差には充分ご注意ください。', 'MOODY is contained with extra fine merino WOOL, non-twisted expressive boucle yarn.\r\n・light-weight, soft to touch\r\n・beautiful finishing with deeply dyed material\r\n・expressive with various type of patterns', '・All 56 original colors in stock\r\n・Along with the color number,\r\n(W)… white core, (B)… black core, (TOP)…TOP for your reference.\r\nPlease check the stock status before you order.', '<Attention>\r\n・10GG is the most preferable gauges.\r\nPlease test before 12GG on production and make sure the cause\r\nof thin places or broken parts of finishing.', '1kg/cone (based on raw material quantity)\r\nWe are trying to serve the best quality. Please note that the production lot makes slight differences on colors.', 10, NULL, 'ＭＯＯＤＹ,MOODY,moody,ムーディ,むーでぃ,ファンシー,ブークレ,メランジ,ループ,ウール,ナイロン', 'hk_moody.jpg', '', '', '', '', 1, '2016-03-13 00:00:00', '2016-10-14 09:41:07'),
(51, 'ＭＯＯＤＹ　上海', 'ＭＯＯＤＹ（Ｓｈａｎｇｈａｉ）', 'ムーディー', '1/14', 2, '10G-1P,7G-2P', 'MOODYはエクストラファインメリノウールを使用し、\r\n無撚りで作られた表情豊かなブークレヤーンです。\r\n・軽くて、柔らかい風合い\r\n・発色性があり、深みのある色合い\r\n・表情豊かで多種多様な編地が楽しめます。', '５６色（内ＴＯＰ６色）のオリジナルカラーでBOOK展開をしていますが、上海での在庫については301・303・304・305・307・309・310・325・332・356の計10色のサンプル糸のみとなり、現物は日本からの出荷となります。\r\n　カラーＮＯ下　(W)・・・芯白　(B)・・・芯黒　(TOP)・・・TOP　となっております。\r\n（在庫状況は、その都度、ご確認下さい。', '<注意事項＞\r\n適正ゲージは１０Ｇです。\r\n１２Ｇで編まれる場合、編み傷や糸切れの原因となりますのでご確認・検討の上、ご使用をお願い致します。', '1kg/cone（投入ベース）\r\n※品質の保持は極力努力しておりますが、ロット間格差には充分ご注意ください。\r\n', 'MOODY is contained with extra fine merino WOOL, non-twisted expressive boucle yarn.\r\n・light-weight, soft to touch\r\n・beautiful finishing with deeply dyed material\r\n・expressive with various type of patterns', '・All 56 original colors in stock\r\n・Along with the color number,\r\n(W)… white core, (B)… black core, (TOP)…TOP for your reference.\r\nPlease check the stock status before you order.', '<Attention>\r\n・10GG is the most preferable gauges.\r\nPlease test before 12GG on production and make sure the cause\r\nof thin places or broken parts of finishing.', '1kg/cone (based on raw material quantity)\r\nWe are trying to serve the best quality. Please note that the production lot makes slight differences on colors.', 10, NULL, 'ＭＯＯＤＹ,MOODY,moody,ムーディ,むーでぃ,ブークレ,ファンシー,メランジ,ループ,ウール,ナイロン', 'hk_moody.jpg', '', '', '', '', 1, '2016-03-13 00:00:00', '2016-10-14 09:41:52'),
(52, 'ＮＡＴＡＲＹ', 'ＮＡＴＡＲＹ', 'ナタリー', '1/13', 2, '10G-1P,7G-2P', 'この素材はアルパカの中でも、より柔らかく優しいタッチのベビーアルパカを使用しています。\r\n毛足が長く、保湿性があり、軽く仕上がります。\r\nカラーは一部メランジＴＯＰを用意し、深みのあるカラーに仕上げております。', '１０色のオリジナルカラーを全色ストックしております。\r\n（在庫状況は、その都度ご確認ください）', '＜注意事項＞\r\n原料は厳選して紡績しておりますが、素材の特性上、\r\nブラックヘアーの混入は避けることが出来ませんので、ご了承ください。\r\nTOPとYARN DYEでは若干の風合い格差がありますので、ご確認ください。', '1kg/cone（投入ベース）\r\n品質の保持は努力しておりますが、ロット間格差には充分ご注意ください。', 'This material contains baby ALPACA, which is more gentle and soft to touch than normal ALPACA fiber.\r\nIt keeps moisture with long hair and light-weight in finishing. \r\nWe have colors in stock including several melange TOP. Our original colors are deeply dyed.', 'All 10 original colors in stock.\r\n（please check the stock status before you order. ）', 'We are trying to use exclusive fiber, though \r\nits brown hair cannot be completely removed.\r\n Please note that there are slight color differences between TOP and yarn dye.', '1.0kg/cone (based on raw material quantity)\r\nWe are trying to serve the best quality. Please note that the production lot makes slight differences on colors.', 10, NULL, 'ＮＡＴＡＲＹ,NATARY,natary,なたりー,ナタリー,タム,メランジ,アルパカ,ナイロン,ウール', 'natary.jpg', 'natary_amiji.jpg', 'natary_book.jpg', '', '', 1, '2016-03-13 00:00:00', '2016-10-13 12:17:17'),
(53, 'ＮＡＴＵＲＥ', 'ＮＡＴＵＲＥ', 'ナチュレ', '2/93', 8, '16G-1P,14G-2P', '自然から生まれたコットンリンター（綿花の種子を包むうぶ毛）を原料にするため、\r\n生分解性があり環境にやさしいエコロジー素材です。\r\n優れた吸放湿性と、静電気を空気中に逃がす性質があるので快適な着心地が得られます。\r\nキュプラのマイクロ棉とコットンをブレンドすることにより肌との摩擦が少なく肌に優しい繊維です。', '４８色のオリジナルカラーを全色ストックしています。\r\n（在庫状況はその都度ご確認ください）', '', '1kg/cone（投入ベース）\r\n品質の保持は努力しておりますが、ロット間格差には充分ご注意ください。', 'Since it is made from natural fuzzy fiber called COTTON linter, which covers COTTON seed,\r\nit is eco-friendly biodegradable. It perfectly keeps moisture for comfortable feeling.\r\nAlso, you can feel comfortable to wear its static-free function.\r\nOriginal blend of cuprammonium RAYON’s micro fiber and COTTON fiber makes less friction and tender touch. ', 'All 48 original colors in stock.\r\n（please check the stock status before you order. ）', '', '1kg/cone (based on raw material quantity)\r\nWe are trying to serve the best quality. Please note that the production lot makes slight differences on colors.', 48, NULL, 'ＮＡＴＵＲＥ,NATURE,nature,ナチュレ,なちゅれ,ストレート,メランジ,キュプラ,コットン', 'nature.jpg', 'nature_amiji.jpg', 'nature_book_1.jpg', 'nature_book_2.jpg', '', 1, '2016-03-13 00:00:00', '2016-04-11 11:53:12'),
(54, 'ＯＬＢＩＡ', 'ＯＬＢＩＡ', 'オルビア', '2/15', 6, '7G-1P、5G-2P', '17.5μ(SUPER120)の超ファインウールをベースに、カシミヤとシルクをブレンドしました。\r\nクオリティが高く、天然繊維の上品な風合いを持つ高級紡毛糸です。', '・７色のTOPカラー、１１色のソリッド（糸染め）カラーの計１８色を全色ストックしています。\r\nTD色番はTOP染め、YD色番はソリッド（糸染め）になります。\r\nTOPとソリッドでは、若干の風合い差が生じる事があります。ご了承の上、ご使用下さい。', '', '1kg/cone（投入ベース） \r\n品質の保持は努力しておりますが、ロット間格差には充分ご注意ください。', 'It is 17.5μ(SUPER120) extra fine wool based yarn with cashmere and silk. \r\nThis yarn is a luxurious spinning yarn with a tasteful texture from natural fiber. \r\n\r\n', '・All 7 TOP original colors and 11 solid (yarn dyed) colors in stock.\r\nTD color number is for TOP, YD color number is for solid(yarn dyed).\r\nBetween TOP and solid colors, there is a slight differences on textures. \r\n　（please check the stock status before you order.）', '', '1kg/cone (based on raw material quantity)\r\nWe are trying to serve the best quality. Please note that the production lot makes slight differences on colors.', 18, NULL, 'ＯＬＢＩＡ,OLBIA,olbia,オルビア,おるびあ,メランジ,紡毛,カシミヤ,カシミア,シルク,ウール', 'olbia.jpg', 'olbia_amiji.jpg', 'olbia_book.jpg', '', '', 1, '2016-03-13 00:00:00', '2016-05-28 13:44:24'),
(55, 'ＰＡＮＡＰＰ', 'ＰＡＮＡＰＰ', 'パナップ', '1/17', 2, '12G-1P,7G-2P', 'PANAPPは、上質なＵＳＡ産スーピマ超長綿をメインに使用。\r\n日本独自の特殊紡績技術で作られ、スーピマ超長綿の特徴を最大限に引き出した、\r\nハイクオリティ・ピュアコットンヤーンです。\r\n・特殊紡績技術による、柔らかく、滑らかな手触り\r\n・ナチュラルさと深みのある色合い\r\n・メランジ表現でスーピマ綿の光沢感がベストマッチ\r\n', 'PANAPP/PANAPP　LOOP　共に、２４色のオリジナルカラーを全色ストックしています。\r\n（在庫状況は、その都度お問い合わせ下さい） ※別注色も承ります。（要染色期間）', '＜注意事項＞\r\nメランジ染め淡色や濃色については、メランジ効果が出にくい場合がありますので、ご注意ください。\r\n素材特性上、メランジ色の場合、ネップが目立つ場合がございますので、ご了承ください。', '1kg/cone（投入ベース）\r\n品質の保持は努力しておりますが、ロット間格差には充分ご注意ください。', 'Supima extra-long staple (ELS) COTTON originated from the U.S. is highly contained in “PANAPP”.\r\nAn original Japan technology extracted the best quality from Supima ELS COTTON to this 100% COTTON yarn. \r\n・Soft-smooth to touch by the special spinning technology. \r\n・Not only natural but rich colors\r\n・Its m?lange colors match perfectly with silky Supima COTTON', 'All 24 original colors in stock for both PANAPP/ PANAPP LOOP.\r\n（please check the stock status before you order. ）\r\n　※Custom-made colors are available (the order requires a certain period to dye)', '<Attention>\r\nPlease note that both pale and vivid colors might be less m?lange effects.\r\nThe fiber contains knobbed parts and it might be highly visible in m?lange colors.\r\n', '1kg/cone (based on raw material quantity)\r\nWe are trying to serve the best quality. Please note that the production lot makes slight differences on colors.', 24, NULL, 'ＰＡＮＡＰＰ,PANAPP,panapp,パナップ,ぱなっぷ,インディゴ,ストレート,メランジ,光沢,コットン', 'panapp.jpg', 'panapp_amiji.jpg', 'panapp_book_1.jpg', 'panapp_book_2.jpg', '', 1, '2016-03-13 00:00:00', '2016-04-11 11:53:44'),
(56, 'ＰＡＮＡＰＰ ＬＯＯＰ', 'ＰＡＮＡＰＰ ＬＯＯＰ', 'パナップ ループ', '1/7.5', 1, '7G-1P、5G-2P', 'PANAPP LOOPは究極の柔らかさと軽さを実現した、ピュアコットンのループファンシーヤーンです。\r\n日本独自の特殊紡績技術による、まさに「JAPAN TECHNOLOGY」です。\r\n・パイル編みをしたようなユニークな表情とフワフワの軽さ\r\n・メランジ表現でループの表情を際立たせ、ナチュラルさと深みのある色合い\r\n・機械編み、手編みの両方に適し、編み次第で様々な表情が楽しめます。', 'PANAPP/PANAPP　LOOP　共に、２４色のオリジナルカラーを全色ストックしています。\r\n（在庫状況は、その都度お問い合わせ下さい） ※別注色も承ります。（要染色期間）', '＜注意事項＞\r\nメランジ染め淡色や濃色については、メランジ効果が出にくい場合がありますので、ご注意ください。\r\n素材特性上、メランジ色の場合、ネップが目立つ場合がございますので、ご了承ください。', '1kg/cone（投入ベース）\r\n品質の保持は努力しておりますが、ロット間格差には充分ご注意ください。', 'PANAPP LOOP is a 100% pure COTTON loop yarn.\r\nIts latest softness and light-weight cannot be without the original Japanese spinning technology,\r\nwhich is the very “JAPAN TECHNOLOGY”.\r\n・Unique and fluffy texture like pile stitches\r\n・Melange colors emphasize its loop stitches richly and naturally\r\n・Both machine and hand stitches work perfectly. You can try many patterns to see different expressions. ', 'All 24 original colors in stock for both PANAPP/ PANAPP LOOP.\r\n（please check the stock status before you order. ）\r\n※Custom-made colors are available (the order requires a certain period to dye)', 'Please note that both pale and vivid colors might be less melange effects.\r\nThe fiber contains knobbed parts and it might be highly visible in m?lange colors.', '1kg/cone (based on raw material quantity)\r\nWe are trying to serve the best quality. Please note that the production lot makes slight differences on colors.', 24, NULL, 'ＰＡＮＡＰＰ ＬＯＯＰ,PANAPP LOOP,panapp loop,パナップループ,ぱなっぷるーぷ,インディゴ,ファンシー,ブークレ,メランジ,ループ,コットン', 'panapp_loop.jpg', 'panapp_loop_amiji.jpg', '', '', '', 1, '2016-03-13 00:00:00', '2016-04-11 11:53:58'),
(57, 'ＰＡＰＯＬＩＳ ＷＯＯＬ', 'ＰＡＰＯＬＩＳ WOOL', 'パポリスウール', '2/52', 8, '16G-1P,14G-1P', 'パポリスウールはアクリルウールに機能レーヨン（パポリス）を混紡した機能素材です。\r\nパポリスは天然成分「スクワラン」をレーヨンに練り込んだ保湿性のある新しい繊維です。\r\n肌に優しく保湿性があります。\r\nしっとり、やわらかで適度な光沢感。', '６３色のオリジナルカラーを全色ストックしております。\r\n（在庫状況はその都度、ご確認ください。）', '「パポリス」を製品表記の際は弊社に必ずご相談ください。', '1kg/cone　 24kg/case\r\n品質の保持は努力しておりますが、ロット間格差には充分ご注意ください。', '“PAPOLIS WOOL” is based on ACRYLIC and WOOL mixed with functional RAYON(“PAPOLIS”).\r\n“PAPOLIS”, natural element “Squalane” kneaded into ACRYLIC fiber, is a new material as moisture rich ACRYLIC.\r\n“Squalane” keeps body moisture like a soft veil.\r\n・A skin-friendly product with rich moisture\r\n・Softness and rich moisture with moderate shimmering look', 'All 63 original colors in stock.\r\n（please check the stock status before you order. ）', 'Please contact to us when the garments need to remark the use of PAPOLIS.', '1kg/cone , 24kg/carton (based on raw material quantity)\r\nWe are trying to serve the best quality. Please note that the production lot makes slight differences on colors.', 63, NULL, 'ＰＡＰＯＬＩＳ ＷＯＯＬ,PAPOLIS WOOL,papolis wool,パポリスウール,ぱぽりすうーる,ストレート,メランジ,光沢,ウール,レーヨン,アクリル', '0c9d471411d3e18bbf8e24e93ddb0b18aaa9ca54.jpg', '5f6c0174049d11066f30da90f427116ba0ef8d66.jpg', 'f91ba12182e5a55904fcf2a904534e5731b1585d.jpg', '3e78bb59828e1d96e4ecdb5e441310eb6111d3a3.jpg', '7778e2b469cdf1e4140bb6dff5ca4cf55ae4540f.jpg', 1, '2016-03-13 00:00:00', '2016-05-30 13:56:15');
INSERT INTO `yarns` (`id`, `name`, `e_name`, `furigana`, `count`, `count_id`, `gauge`, `spec`, `stock`, `other`, `tailor`, `e_spec`, `e_stock`, `e_other`, `e_tailor`, `color_num`, `bespoke`, `keyword`, `image1`, `image2`, `image3`, `image4`, `image5`, `status`, `created`, `modified`) VALUES
(59, 'ＰＥＡＲＬ-ＴＷＥＥＤ', 'ＰＥＡＲＬ-ＴＷＥＥＤ', 'パールツイード', '1/6.3', 1, '5G-1P', 'クラシックなツイード糸にラメを交燃し、エレガンスさを加えた素材。\r\n編地変化で様々な表情を作る事ができます。\r\n結び目が大きく、弊社では5Gでの使用を推奨しています。ご注意下さい。', '５色のオリジナルカラーをストックしております。\r\n（在庫状況はその都度お問い合わせください。）', '', '1kg/cone（投入ベース）　\r\n品質の保持は努力しておりますが、ロット間格差には充分ご注意ください。', 'This material put some elegance with lame on classic tweed yarn. \r\nIt can express wide varieties on designs. \r\nPlease note that we recommend using 5GG on account of thick parts on yarn. ', 'All 5 original colors in stock.\r\n（please check the stock status before you order. ）', '', '1kg/cone (based on raw material quantity)\r\nWe are trying to serve the best quality. Please note that the production lot makes slight differences on colors.', 5, NULL, 'ＰＥＡＲＬ-ＴＷＥＥＤ,PEARL-TWEED,pearl-tweed,パールツイード,ぱーるついーど,ファンシー,メランジ,ラメ,シルク,ウール,ポリエステル,シルク', 'pearl_tweed.jpg', 'pearl_tweed_amiji.jpg', 'pearl_tweed_book.jpg', '', '', 1, '2016-03-13 00:00:00', '2016-04-11 11:49:10'),
(60, 'ＰＩＫＡ ＰＩＫＡ', 'ＰＩＫＡ ＰＩＫＡ ', 'ピカピカ', '1/32', 3, '7G-1P', 'PIKA PIKAは強烈な光沢感が特徴のテープ状ラメ糸です。\r\n薄くてフィルムの幅が広いため、非常に軽く、ミドルゲージにも1ＰＬＹで対応できます。\r\n他素材との交編が楽しい素材です。', '１７色のオリジナルカラーを全色ストックしております。\r\n（在庫はその都度、お問い合わせください。）', '', '５４０ｇ/ｃｏｎｅ（投入ベース）\r\n品質の保持は努力しておりますが、ロット間格差には充分ご注意ください。', 'PIKA PIKA is taped lame yarn with glittering. \r\nThin and wide filament of lame is highly light-weight.\r\nIt is suitable to middle gauge with 1 ply. You can enjoy crossing the other yarn with PIKA PIKA. ', 'All 17 original colors in stock.\r\n（please check the stock status before you order. ）', '', '540g/cone (based on raw material quantity)\r\nWe are trying to serve the best quality. Please note that the production lot makes slight differences on colors.', 17, NULL, 'ＰＩＫＡ ＰＩＫＡ,PIKA PIKA,pika pika,ピカピカ,ぴかぴか,テープ,ラメ,光沢,ポリエステル', 'pikapika.jpg', 'pikapika_amiji.jpg', 'pikapika2.jpg', '34d56254bb00ca593c0970a10bd7fc013011341e.jpg', 'f594b52ffb6a240baa51eb9e4bb33d06a95e014e.jpg', 1, '2016-03-13 00:00:00', '2016-05-28 13:17:14'),
(61, 'ＰＲＩＳＭ', 'ＰＲＩＳＭ', 'プリズム', '1/100', 4, '16G-1P,14G-1P', 'ワンランク上の輝きと高級感\r\n極細ラメ（３００切）使用で洗練された極細な光沢。\r\nどの角度から見てもキラキラ光る。', '３２色のオリジナルカラーを全色ストックしております。\r\n在庫はその都度ご確認ください。', '(Plating Only)\r\n*二重臼専用', '480g/ｃｏｎｅ（投入ベース）\r\n品質の保持は努力しておりますが、ロット間格差には充分ご注意ください。', 'Shimmering and luxurious material makes its grade higher.\r\nExtra fine lame (0.101mm) makes it sophisticated look with glimmering in any angle.', 'All 32 original colors in stock.\r\n（please check the stock status before you order. ）', 'For plating use only', '480g/cone (based on raw material quantity)\r\nWe are trying to serve the best quality. Please note that the production lot makes slight differences on colors.', 32, NULL, 'ＰＲＩＳＭ,PRISM,prism,プリズム,ぷりずむ,ラメ,光沢,ポリエステル', 'prism.jpg', 'prism_amiji.jpg', 'prism_book_1.jpg', 'prism_book_2.jpg', '', 1, '2016-03-13 00:00:00', '2016-10-13 12:21:38'),
(62, 'ＲＡＰＩＴＡ', 'ＲＡＰＩＴＡ', 'ラピタ', '2/32', 7, '12G-1P,7G-2P', 'ロングセラーの定番素材。\r\n柔らかく膨らみのあるバルキーアクリルを使用しているので、軽やかな編地に仕上がります。\r\n柔らかさと、ほど良いコシを兼ね備えた、洗濯性が良いイージーケア素材です。\r\nハイゲージからローゲージまで使える使用用途の広い素材です。', '８１色のオリジナルカラーを全色ストックしております。\r\n（在庫状況はその都度お問い合わせください。）', '', '1kg/cone（投入ベース） \r\n品質の保持は努力しておりますが、ロット間格差には充分ご注意ください。', 'This is a classic yarn, the popularity has been lasting long. \r\nThe lightness comes from bulky ACRYLIC material. You can make light garments. \r\nIt is useful from high to low gauges. ', 'All 81 original colors in stock.\r\n（please check the stock status before you order. ）', '', '1kg/cone (based on raw material quantity)\r\nWe are trying to serve the best quality. Please note that the production lot makes slight differences on colors.', 81, NULL, 'ＲＡＰＩＴＡ,rapita,ラピタ,らぴた,RAPITA,ストレート,メランジ,梳毛,アクリル,ウール', 'rapita.jpg', 'rapita_amiji.jpg', 'rapita_book_1.jpg', 'rapita_book_2.jpg', '', 1, '2016-03-13 00:00:00', '2016-04-14 15:55:51'),
(63, 'ＲＥＦＲＥＡＬ ＣＯＯＬ', 'ＲＥＦＲＥＡＬ ＣＯＯＬ', 'リフレールクール', '30/2', 7, '14G-1P、12G-2P', 'ポリエステルを芯に表面をリフレール（レーヨン）で包んだ芯鞘構造の糸です。\r\n表面のリフレールが汗をよく吸い、キシリトールの力で爽やかな冷涼感を与えてくれます。\r\n吸った汗は芯鞘構造によりすばやく乾燥、サラッと爽やかなタッチを与えてくれます。\r\nまた、毛玉が起こりにくい素材です。', '３２色のオリジナルカラーを全色ストックしています。\r\n（在庫状況はその都度、お問い合わせください。）', '', '1kg/cone（投入ベース）\r\n品質の保持は努力しておりますが、ロット間格差には充分ご注意ください。', '“REFREAL COOL” is a core-in-sheath structure with POLYESTER in core and refreal (RAYON) on surface.\r\nRefreal on surface absorbs perspiration well, and xylitol gives a cool texture.\r\nThe core-in-sheath structure achieved a super dry function,\r\nand it gives a fresh feel to touch. This material is less-pilling. ', 'All 32 original colors in stock.\r\n（please check the stock status before you order. ）', '', '1kg/cone (based on raw material quantity)\r\nWe are trying to serve the best quality. Please note that the production lot makes slight differences on colors.', 32, NULL, 'ＲＥＦＲＥＡＬ ＣＯＯＬ,REFREAL COOL,refreal cool,リフレールクール,りふれーるくーる,ストレート,メランジ,光沢,レーヨン,ポリエステル', 'refreal_cool.jpg', 'refrealcool_amiji.jpg', 'refrealcool_book_1.jpg', 'refrealcool_book_2.jpg', '', 1, '2016-03-13 00:00:00', '2016-04-12 11:17:04'),
(64, 'ＲＵＢＹ', 'ＲＵＢＹ', 'ルビー', '1/7', 1, '7G-1P、5G-2P', 'ルビーはアクリル短繊維とレーヨン長繊維を撚り合わせた複合素材です。\r\nレーヨン長繊維の加工糸を使用する事で、崇高性に富み、豊かな光沢性が特徴です。\r\nまた、片染め、異色染めをする事により、色彩豊かな杢になるファンシーヤーンです。', '２４色のオリジナルカラーを全色ストックしております。\r\n在庫はその都度ご確認ください。', '', '1kg/cone（投入ベース）\r\n品質の保持は努力しておりますが、ロット間格差には充分ご注意ください。', 'Ruby is blended material with ACRYLIC short fiber and RAYON long fiber. \r\nBy utilizing RAYON long fiber in blended yarn, the surface has noble look with rich gloss.\r\nAlso, reverse dyeing and differential dyeing can express colorful grandrelle look. ', 'All 24 original colors in stock.\r\n（please check the stock status before you order. ）', '', '1kg/cone (based on raw material quantity)\r\nWe are trying to serve the best quality. Please note that the production lot makes slight differences on colors.', 24, NULL, 'ＲＵＢＹ,RUBY,ruby,ルビー,るびー,ファンシー,光沢,杢調,アクリル,レーヨン', 'ruby.jpg', 'ruby_amiji.jpg', 'ruby_book.jpg', '', '', 1, '2016-03-13 00:00:00', '2016-05-31 10:35:00'),
(65, 'ＳＡＬＡＳＡ', 'ＳＡＬＡＳＡ', 'サラサ', '1/14', 2, '12G-1P,7G-2P', 'ハリコシに富んだ、ドライで清涼感溢れる風合いと、リネンのナチュラルさを合わせた春夏用素材です。\r\n天竺はもちろん、針抜き柄、透かし柄等のレーシーな編み組織がお薦めです。\r\n同タイプの7（8）G用として、HEROも用意しております。', '２８色のオリジナルカラーを全色ストックしております。\r\n（在庫状況はその都度お問い合わせください。）\r\nリネンの色残しをしている色は、リネン色のLOT色差が出ますのでご了承下さい。', '', '1kg/cone（投入ベース）\r\n品質の保持は努力しておりますが、ロット間格差には充分ご注意ください。', 'Fresh and dry texture with flexibility\r\nFor Spring/ Summer collection with LINEN''s natural taste\r\nIt is compatible to broad stitches, openwork knitting, and other lacy looks.\r\nFor 7 (8) GG, we have “HERO” as the same type. ', 'All 28 original colors in stock.　\r\n（please check the stock status before you order. ）\r\nPlease note that natural LINEN colors\r\nin yarn might cause wide difference on production lots. ', '', '1kg/cone (based on raw material quantity)\r\nWe are trying to serve the best quality. Please note that the production lot makes slight differences on colors.', 24, NULL, 'ＳＡＬＡＳＡ,SALASA,salasa,サラサ,さらさ,リネン混,ラミー,リネン,レーヨン,コットン,ギマタイプ', 'salasa.jpg', 'salasa_amiji.jpg', 'salasa_book_1.jpg', 'salasa_book_2.jpg', '', 1, '2016-03-13 00:00:00', '2016-04-13 09:00:23'),
(66, 'ＳＡＭＢＡ', 'ＳＡＭＢＡ', 'サンバ', '1/15', 2, '10G-1P,7G-2P', 'ゾッキ使いも可能な、柔らかく、華やかな、ラメブークレ糸です。\r\nまた、他素材との交編で、様々な表情の編地作成が可能です。\r\n（素材の特性上、編み組織によって、多少の引っ掛かりや、ラメ切れが生じる場合があります。\r\n十分に、ご検討の上、ご使用ください。）', '２４色のオリジナルカラーを全色ストックしております。\r\n（在庫状況は、その都度ご確認ください）', '【※在庫がなくなり次第、廃盤となります。】', '1kg/cone（投入ベース）\r\n品質の保持は努力しておりますが、ロット間格差には充分ご注意ください。', 'For single use is recommended.\r\nThis is a lame boucle type material, which is soft and luxurious yarn.\r\nAlso, the expression of designs broadens with multiplying other materials.\r\n(Please make samples to make sure pulled and broken lame ratio on production.) ', 'All 24 original colors in stock.　\r\n（please check the stock status before you order. ）', '', '1kg/cone (based on raw material quantity)\r\nWe are trying to serve the best quality. Please note that the production lot makes slight differences on colors.', 24, NULL, 'ＳＡＭＢＡ,SAMBA,samba,さんば,サンバ,ブークレ,ラメ,光沢,アクリル,ポリエステル,ナイロン', 'samba.jpg', 'samba_amiji.jpg', 'samba_book.jpg', '', '', 1, '2016-03-13 00:00:00', '2016-08-30 16:15:13'),
(67, 'ＳＡＭＢＡ　ＳＰＡＣＥ ＤＹＥ', 'ＳＡＭＢＡ　ＳＰＡＣＥ ＤＹＥ', 'サンバスペースダイ', '1/15', 2, '10G-1P,7G-2P', 'ゾッキ使いも可能な、柔らかく、華やかな、ラメブークレ糸です。\r\nまた、他素材との交編で、様々な表情の編地作成が可能です。\r\n（素材の特性上、編み組織によって、多少の引っ掛かりや、ラメ切れが生じる場合があります。\r\n十分に、ご検討の上、ご使用ください。）', '１２色のオリジナルカラーを全色ストックしております。\r\n（在庫状況は、その都度ご確認ください）', '【※在庫がなくなり次第、廃盤となります。】', '1kg/cone（投入ベース）\r\n品質の保持は努力しておりますが、ロット間格差には充分ご注意ください。', 'For single use is recommended.\r\nThis is a lame boucle type material, which is soft and luxurious yarn.\r\nAlso, the expression of designs broadens with multiplying other materials.\r\n(Please make samples to make sure pulled and broken lame ratio on production.)', 'All 12 original colors in stock.　\r\n（please check the stock status before you order. ）', '', '1kg/cone (based on raw material quantity)\r\nWe are trying to serve the best quality. Please note that the production lot makes slight differences on colors.', 12, NULL, 'ＳＡＭＢＡ　ＳＰＡＣＥ ＤＹＥ,SAMBA SPACE DYE,samba space dye,サンバスペースダイ,さんばすぺーすだい,ブークレ,ラメ,光沢,絣', 'samba_space_dye.jpg', 'samba_space_dye_amiji.jpg', '', '', '', 1, '2016-03-13 00:00:00', '2016-08-30 16:14:57'),
(68, 'ＳＯＦＦＹ', 'ＳＯＦＦＹ', 'ソフィー', '2/100', 8, '16G-2P,14G-2P', 'ＨＡＲＲＹ・ＳＯＦＦＹは、コンパクトスピンという紡績機で作られた、\r\n細番手ハイゲージ用の高級綿糸で、毛羽が少なく、シルキーな光沢が特徴です。\r\nＨＡＲＲＹは強撚でサラッとしたシャリ感があり、\r\nＳＯＦＦＹは普通撚り、ソフトな風合いで、企画によって使い分け頂けます。　　吸湿性と通気性に優れている。', '４８色のオリジナルカラーを全色ストックしております。\r\n（在庫状況は、その都度ご確認ください）', '', '1kg/cone（投入ベース）\r\n品質の保持は努力しておりますが、ロット間格差には充分ご注意ください。', 'Harry/ Soffy, spun from Compact Spinning machines, is luxurious COTTON yarn for fine-count and high-gauge.\r\nFuzz-less and silky texture with shimmer look. Harry: high-twist,\r\nfresh texture with crisp to touch, Soffy: normal-twist, soft to touch. You can use them as the situation demands.', 'All 48 original colors in stock.　\r\n（please check the stock status before you order. ）', '', '1kg/cone (based on raw material quantity)\r\nWe are trying to serve the best quality. Please note that the production lot makes slight differences on colors.', 48, NULL, 'ＳＯＦＦＹ,SOFFY,soffy,ソフィー,そふぃー,ストレート,メランジ,光沢,コットン', 'soffy.jpg', 'soffy_amiji.jpg', 'soffy_book_1.jpg', 'soffy_book_2.jpg', '', 1, '2016-03-13 00:00:00', '2016-05-28 13:13:41'),
(69, 'ＳＵＮＥＬ', 'ＳＵＮＥＬ', 'サネル', '2/56', 8, '16G-1P、14G-1P', 'ソフトで上品な光沢、発色性。風合いは適度なサラッと感。\r\n毛玉やしわになりにくく、手洗いによる風合い変化が少ない。従来のレーヨンより速乾性にすぐれている。', '100色のオリジナルカラーを全色ストックしております。\r\n（在庫状況はその都度、お問い合わせください。）\r\n※メランジカラーも参考として色見本帳を用意しておりますので、こちらも是非ご利用ください。', '', '1kg/cone（投入ベース）\r\n品質の保持は努力しておりますが、ロット間格差には充分ご注意ください。', '・Soft to touch, luxurious glimmer, rich colors. \r\n・decent fresh texture \r\n・less-wrinkle, less-pilling\r\n・dry faster than normal RAYON\r\n・Unlikely to deteriorate its texture by hand-wash ', 'All 100 original colors in stock.　\r\n（please check the stock status before you order.）\r\n*We have m?lange color cards for your reference.\r\nPlease ask us when needed. ', '', '1kg/cone (based on raw material quantity)\r\nWe are trying to serve the best quality. Please note that the production lot makes slight differences on colors.', 100, NULL, 'ＳＵＮＥＬ,SUNEL,sunel,さねる,サネル,ストレート,メランジ,光沢,リヨセル,アクリル', 'sunel.jpg', 'sunel_amiji.jpg', 'sunel_book_1.jpg', 'sunel_book_2.jpg', 'sunel_book_3.jpg', 1, '2016-03-13 00:00:00', '2016-04-11 11:43:18'),
(70, 'ＳＵＮＥＬ ＳＴＡＲ', 'ＳＵＮＥＬ ＳＴＡＲ', 'サネルスター', '1/25', 2, '14G-1P、12G-2P', '極細なラメを使用しているので、ソフトで上品な光沢と高級感がある。\r\n毛玉やしわになりにくく、手洗いによる風合い変化が少ない。\r\nテンセルを使用しているので、従来のレーヨンより速乾性に優れている。\r\n※編み組織によって、ラメ切れが生じる場合がありますので、充分ご注意ください。', '４０色のオリジナルカラーを全色ストックしております。\r\n（色によって在庫数量の強弱がありますので、在庫状況はその都度ご確認ください。）\r\n', '', '1kg/cone（投入ベース）\r\n品質の保持は努力しておりますが、ロット間格差には充分ご注意ください。', 'This is soft to touch and luxurious glimmer from extra fine lame material.\r\nLess-wrinkle and less-pilling. Unlikely to deteriorate its texture by hand-wash \r\nIts material “TENCEL” dries faster than normal RAYON\r\nPlease note that some knitting designs might cause broken lame. ', 'All 40 original colors in stock.　\r\nSince the stock status is different from colors,\r\nplease check the stock status before you order.', '', '1kg/cone (based on raw material quantity)\r\nWe are trying to serve the best quality. Please note that the production lot makes slight differences on colors.', 40, NULL, 'ＳＵＮＥＬ ＳＴＡＲ,SUNEL STAR,sunel star,サネルスター,さねるすたー,ストレート,ラメ,光沢,ナイロン,ポリエステル,リヨセル,アクリル', 'sunel_star.jpg', 'sunel_star_amiji.jpg', 'sunel_book_1.jpg', 'sunel_book_2.jpg', 'sunel_book_3.jpg', 1, '2016-03-13 00:00:00', '2016-04-11 11:43:57'),
(71, 'ＳＵＮＲＩＳＥ', 'ＳＵＮＲＩＳＥ', 'サンライズ', '2/34', 7, '12G-1P,7G-2P', 'リネン（亜麻）とレーヨン及びナイロンとのミックス糸であり、\r\n天然な麻の風合いを生かし、さらっとした吸湿性に富んだ素材です。', '３６色のオリジナルカラーを全色ストックしております。\r\n（在庫状況はその都度ご確認ください。）\r\n色（晒・アイボリー・etc淡色）によっては麻の色素が残る場合がありますのでご了承ください。', '', '1kg/cone（投入ベース）\r\n品質の保持は努力しておりますが、ロット間格差には充分ご注意ください。', 'SUNRISE is composed of RAMIE, RAYON, and NYLON. Leaving natural texture from LINEN flax,\r\nmoisture-absorption is one of its superior characteristics.', 'All 36 original colors in stock.　\r\n（please check the stock status before you order. ）\r\nDepends on colors (bleached, Ivory, pale colors, etc.),\r\nthere might be occurred an obvious color differences.', '', '1kg/cone (based on raw material quantity)\r\nWe are trying to serve the best quality. Please note that the production lot makes slight differences on colors.', 36, NULL, 'ＳＵＮＲＩＳＥ,SUNRISE,sunrise,サンライズ,さんらいず,ストレート,リネン混,レーヨン,リネン,ナイロン,メランジ', 'sunrise.jpg', 'surise_amiji.jpg', 'surise_book_1.jpg', '105a3531bb85852c3876216f40badf73b1eef130.jpg', '6610f451876b250e73f3657bf7000cb14e9c21d3.jpg', 1, '2016-03-13 00:00:00', '2016-04-13 09:33:26'),
(72, 'ＳＷ－ＴＷＥＥＤ', 'ＳＷ－ＴＷＥＥＤ', 'エスダブルツイード', '2/16', 2, '7G-1P、5G-2P', '防縮加工(オフスケール加工）を施した、膨らみ豊かな、ラムウール100%紡毛糸です。\r\nTOPメランジカラーによる深い色合い。\r\n膨らみ豊かな軽い風合い。\r\n防縮加工により、手洗いが可能。（防縮性は、編組織や度目によって変化しますので、必ずテストをしてください。）', '・３０色のTOPカラー（メランジ、ソリッド）、６色の杢色カラーをストックしております。\r\n（在庫状況はその都度お問い合わせください。）', '', '1kg/cone（投入ベース）　\r\n品質の保持は努力しておりますが、ロット間格差には充分ご注意ください。', '・Shrink-proof (off-scale), fluffy 100% spun lamb WOOL.\r\n・TOP melange express rich colors.\r\n・Fluffy and light weight texture. \r\nShrink-proofed coating enables to hand-wash.\r\n(Please test before producing. Stitch patterns and knitting tensions might cause different result in washing.)', 'All 30 original TOP(m?lange and solid) and 6 original melange colors in stock.\r\n（please check the stock status before you order.）', '', '1kg/cone (based on raw material quantity)\r\nWe are trying to serve the best quality. Please note that the production lot makes slight differences on colors.', 36, NULL, 'ＳＷ－ＴＷＥＥＤ,SW-TWEED,sw-tweed,エスダブルツイード,えすだぶるついーど,メランジ,杢調,紡毛,ウール', '0f8ab68987909b1c982b91662a794eaf6059084f.jpg', 'b1c20ce4bf0e3fadc7cb5baf432144dea9ca9de4.jpg', '9edef152410ea7f1f43c3c59055313027f7e96b0.jpg', 'ecf471658b471000582968e1ea4c9ebc542f00cd.jpg', '', 1, '2016-03-13 00:00:00', '2016-10-13 12:18:00'),
(73, 'ＴＥＮＣＯＯＬ', 'ＴＥＮＣＯＯＬ', 'テンクール', '2/52', 8, '16G-1P、14G-1P', 'TENCOOLはコットンとリヨセルをブレンドし、互いの原料特徴を最大限に生かした素材です。\r\n単糸の段階で強撚加工をし、ハリコシとしなやかな風合いを持ち合わせた素材です。\r\n・ソフトな風合いにハリコシと光沢感がある。\r\n・綿・リヨセル/ナイロン/アクリル　それぞれの棉を染め分ける事でより一層、きれいなメランジ効果が得られます。\r\n・梅春、初秋の企画に適し、一年を通してご使用いただけます。', '４２色のオリジナルカラーを全色ストックしております。\r\n（在庫状況は、その都度ご確認ください）\r\n※別注色も承ります。（要染色期間）', '', '0.9kg/cone（投入ベース）\r\n品質の保持は努力しておりますが、ロット間格差には充分ご注意ください。', 'TENCOOL is cotton and Lyocell blend yarn, which maximizes both features. \r\nSince hard-twisted before doubled, flexible feature is added to the yarn texture\r\n・Soft to touch with flexibility and shimmer look\r\n・Each fiber of Cotton, Lyocell, Nylon, and Acryl is cross-dyed for more mélange result.\r\n・It is suitable for all season, especially early spring or early autumn. \r\n\r\n', 'All 42 original colors in stock.\r\n（please check the stock status before you order. ）\r\n*custom-made colors are available.（the order requires a certain period to dye）', '', '0.9kg/cone (based on raw material quantity)\r\nWe are trying to serve the best quality. Please note that the production lot makes slight differences on colors.', 42, NULL, 'ＴＥＮＣＯＯＬ,TENCOOL,tencool,テンクール,てんくーる,ストレート,メランジ,光沢,コットン,ナイロン,アクリル,リヨセル', '33df8ecee6394d4cf2eb365fabeda1087d3892e9.jpg', 'c4666ee4783a693eced9ac0db5a3a70232edb938.jpg', '05921143a8fc75d7fa8a9d8c9709d03a845f72ff.jpg', 'e3f662140373f1138bba7c545e7f2fdc19e48a41.jpg', '', 1, '2016-03-13 00:00:00', '2016-05-28 14:48:52'),
(74, 'ＴＩＡＲＡ ＡＮＧＯＲＡ　1/15', 'ＴＩＡＲＡ ANGORA　1/15', 'ティアラアンゴラ', '1/15', 2, '10G-1P,7G-2P', '特殊な精紡技術によって、滑らかで、柔らかい風合いに仕上がっています。\r\nＴＯＰ染色により、豊かな色合いと、高級感に溢れたカラー提案を実現しています。\r\nＴＯＰカラー５４色と杢カラー１８色のカラー展開により、ボーダー・ジャガードなど、幅広い商品展開に対応可能です。', '・５４色のＴＯＰカラー（メランジ・ソリッド）を全色ストックしております。\r\n在庫はその都度ご確認ください。', '', '1kg/cone\r\n品質の保持は努力しておりますが、ロット間格差には充分ご注意ください。', 'Special spinning technology makes it smooth and soft to touch. \r\nTOP coloring expresses rich and luxurious colors. \r\n54 TOP, 18 melange colors are available. Border, Jacquard, and etc… it can express a wide range of garments’ design. \r\n\r\n', 'All 54 original TOP colors(melange/ solid) in stock.\r\n（please check the stock status before you order. ）', '', '1kg/cone (based on raw material quantity)\r\nWe are trying to serve the best quality. Please note that the production lot makes slight differences on colors.', 54, NULL, 'ＴＩＡＲＡ ＡＮＧＯＲＡ,TIARA ANGORA,tiara angora,ティアラアンゴラ,てぃあらあんごら,ネップ,メランジ,杢調,紡毛,ウール,ナイロン,アンゴラ', 'f6a23523aa19894191b5977fdc0ba95887bbc49c.jpg', 'afe4a705051c5e3e2927f4bbe19d2e7e859eec5b.jpg', '6712e499152dad483118b3ebe3f77d19e1b76f2c.jpg', 'cd412b7764500ef81038f975a7d1c05f8b636879.jpg', '8b47801074c849b7132da7bdb78f2b8a6f5a6d7f.jpg', 1, '2016-03-13 00:00:00', '2016-05-28 13:56:51'),
(75, 'ＴＩＡＲＡ ＡＮＧＯＲＡ　2/15', 'ＴＩＡＲＡ ANGOLA　2/15', 'ティアラアンゴラ', '2/15', 6, '7G-1P,5G-2P', '特殊な精紡技術によって、滑らかで、柔らかい風合いに仕上がっています。\r\nＴＯＰ染色により、豊かな色合いと、高級感に溢れたカラー提案を実現しています。\r\nＴＯＰカラー５４色と杢カラー１８色のカラー展開により、ボーダー・ジャガードなど、幅広い商品展開に対応可能です。', '・５４色のＴＯＰカラー（メランジ・ソリッド）を、単糸で全色ストックしておりますので、\r\n２の倍数量での受注になります。（要双糸加工期間）\r\n在庫はその都度ご確認ください。', '', '1kg/cone\r\n品質の保持は努力しておりますが、ロット間格差には充分ご注意ください。', 'Special spinning technology makes it smooth and soft to touch. \r\nTOP coloring expresses rich and luxurious colors. \r\n54 TOP, 18 melange colors are available. Border, Jacquard, and etc… it can express a wide range of garments’ design. \r\n\r\n', 'All 54 original TOP colors(melange/ solid) in stock in single yarn.\r\nIt requires quantity×2 per order and spinning lead-time for making it double yarn. \r\n（please check the stock status before you order. ）', '', '1kg/cone (based on raw material quantity)\r\nWe are trying to serve the best quality. Please note that the production lot makes slight differences on colors.', 72, NULL, 'ＴＩＡＲＡ ＡＮＧＯＲＡ,TIARA ANGORA,tiara angora,ティアラアンゴラ,てぃあらあんごら,ネップ,メランジ,紡毛,ナイロン,ウール,アンゴラ', '1a3643373c4682dfecdc99d0bc189a48c4d0ce8c.jpg', 'f74b538065adbe2ddaa97b5e93b4cff5dc8f2e31.jpg', '6d0bf7d1078816404a05a31df5b6cd4a0ab6120c.jpg', '7d817e6a64c765059ef2e2c21921fd70f845c93e.jpg', '31a7152f079a55bfc41ff6920fda14dbb9477cab.jpg', 1, '2016-03-13 00:00:00', '2016-05-28 13:55:23'),
(76, 'ＴＩＡＲＡ ＡＮＧＯＲＡ ＣＨＩＮＥ', 'ＴＩＡＲＡ　ANGORA ＣＨＩＮＥ', 'ティアラアンゴラチネ', '2/15', 6, '7G-1P,5G-2P', '特殊な精紡技術によって、滑らかで、柔らかい風合いに仕上がっています。\r\nＴＯＰ染色により、豊かな色合いと、高級感に溢れたカラー提案を実現しています。\r\nＴＯＰカラー５４色と杢カラー１８色のカラー展開により、ボーダー・ジャガードなど、幅広い商品展開に対応可能です。', '・１８色の杢カラーを全色ストックしています。（在庫状況はその都度お問い合わせください。）\r\n※別注色も承ります。（２色杢のため、２の倍数量でお願いします。\r\n（要双糸加工期間））', '', '1kg/cone\r\n品質の保持は努力しておりますが、ロット間格差には充分ご注意ください。', 'Special spinning technology makes it smooth and soft to touch. \r\nTOP coloring expresses rich and luxurious colors. \r\n54 TOP, 18 melange colors are available. Border, Jacquard, and etc… it can express a wide range of garments’ design. \r\n\r\n', 'All 18 chine colors in stock.\r\n（please check the stock status before you order. ）\r\n*custom-made colors are available. (2-color chine requires quantity×2 per order color)\r\n*It requires spinning lead-time for making it double yarn', '', '', 18, NULL, 'ＴＩＡＲＡ　ＡＮＧＯＲＡ ＣＨＩＮＥ,TIARA ANGORA CHINE,tiara angora chine,ティアラアンゴラチネ,てぃあらあんごらちね,メランジ,杢調,紡毛,アンゴラ,ウール,ナイロン', 'beb212fe8766b40e7bd2682ec0816c7cd85a07d0.jpg', '740faed67d0b1482a183ca14d4a22c7b6b0617e8.jpg', '', '', '', 1, '2016-03-13 00:00:00', '2016-05-28 13:57:39'),
(77, 'ＴＩＡＲＡ ＡＮＧＯＲＡ ＮＥＰ', 'ＴＩＡＲＡ ANGORA ＮＥＰ', 'ティアラアンゴラ ネップ', '1/11.5', 2, '10G-1P、5G-2P', 'TIARA ANGORAに、シルクネップをブレンドした紡毛素材です。\r\nTIARA ANGORAの風合いと素朴で可愛いネップが絶妙にマッチしています。\r\nジャガード企画等に適しています。', '・６０色のオリジナルカラーを全色ストックしております。\r\n（在庫状況はその都度お問い合わせください。）\r\n', '', '1kg/cone\r\n品質の保持は努力しておりますが、ロット間格差には充分ご注意ください。', 'This is silk blended woolen yarn in “TIARA ANGORA”. \r\nKnubbed part expresses rustic simplicity and matches with smooth texture on\r\n“TIARA ANGORA” It is suitable to jacquard. ', 'All 60 original colors in stock.\r\n（please check the stock status before you order. ）', '', '1kg/cone (based on raw material quantity)\r\nWe are trying to serve the best quality. Please note that the production lot makes slight differences on colors.', 60, NULL, 'ＴＩＡＲＡ ＡＮＧＯＲＡ ＮＥＰ,TIARA ANGORA NEP,tiara angora nep,ティアラアンゴラネップ,てぃあらあんごらねっぷ,ネップ,メランジ,紡毛,ウール,アンゴラ,ナイロン,シルク', '2397d2214d503c6a734c72bdb8ef6c8aef6b994b.jpg', 'e9eed467128de42c344140c7bf9cdaf15f7e05e2.jpg', '8ffb5fdb3d43c739c3a2cdd3bc0f2cf5ff48704a.jpg', '', '', 1, '2016-03-13 00:00:00', '2016-05-28 13:58:55'),
(78, 'ＶＥＲＯＮＡ', 'ＶＥＲＯＮＡ', 'ヴェローナ', '1/5', 1, '5G-1P,3G-2P', 'ＶＥＲＯＮＡは、極細繊維を使用し、日本独自の特殊撚糸技術で作られた、軽さを生かしたﾓｰﾙﾔｰﾝです。\r\n・ふくらみがあり、非常に軽く、肌触りが良い。\r\n・深みのある色合いと光沢感\r\n・他素材と交編する事で多種多様な編地を作ることが出来ます。', '２１色のオリジナルカラーを全色ストックしています。（在庫状況は、その都度お問い合わせ下さい）\r\n※全色ＴＯＰ　（原料染め）になります。\r\n＝　別注色不可　＝', '<注意事項＞\r\nVERONAは花糸を押え糸と芯糸で挟み込み、熱融着繊維を使用し、熱をかける事で、\r\n花糸を融着させてモール状にしています。\r\nその為、摩擦やひっかかり等、負荷がかかると、花糸が脱落しやすくなりますのでご注意下さい。\r\n（編み立ての際のテンション負荷にもご注意下さい。）', '1kg/cone（投入ベース）\r\n品質の保持は努力しておりますが、ロット間格差には充分ご注意ください。', 'VERONA is a light-weight yarn, which utilizing superfine filament with Japanese special spinning technology.\r\n・Bulky and very light-weight. Smooth to touch.\r\n・Deep colors with velvet shimmer\r\n・It suits various patterns with other types of yarn', 'All 21 colors in stock.　（please check the stock status before you order.）\r\n※All colors are TOP dyeing.  =custom-made colors are not available=', '<Attention>\r\nVERONA is a mole yarn which consisted of a decorative yarn to a core yarn\r\nwith a fixing yarn and heat seal filaments as the picture below.\r\nAs it is, applying excessive pressures such as friction, pulls, etc.,\r\ncauses easily falling a decorative yarn apart\r\n(please test several tensions when knitting).', '1kg/cone (based on raw material quantity)\r\nWe are trying to serve the best quality. Please note that the production lot makes slight differences on colors.', 21, NULL, 'ＶＥＲＯＮＡ,VERONA,verona,ヴェローナ,ゔぇろーな,ファンシー,モール,ポリエステル,ナイロン', '29d6fddd94418bdb4cd5bc1bb3486d309342f0cb.jpg', 'ed1582b6f77a9ea1302178340527e2e326e8a776.jpg', '2af05d300699f8601e2299b92adb2a3985c83e9a.jpg', 'f9f0c239c34bec01b2b612c5d97a55a6e317f022.jpg', '', 1, '2016-03-13 00:00:00', '2016-04-11 10:54:20'),
(79, 'ＷＨＩＰ', 'ＷＨＩＰ', 'ホイップ', '1/12', 2, '7G-1P、5G-2P', '軽くて弾力性のある、細番手の芯黒ループヤーンです。\r\n他素材との組合わせで、様々な表情が作れます。\r\n染め分けで、杢調表現（メランジ）が楽しめます。', '15色のオリジナルカラーを上海で全色ストックしております。\r\n（在庫は都度ご確認ください）', '', '1kg/cone（投入ベース）\r\n※品質の保持は極力努力しておりますが、ロット間格差には充分ご注意ください。', 'It is a black-core, fine loop yarn with light and flexible feature. \r\nIt can express wide variety of expression with other materials. \r\nYou can also enjoy with melange colors on differential dyed methods. \r\n\r\n', 'All 15 original colors are in Shanghai in stock. \r\n(please check the stock status before you order)\r\n', '', '[Conditions]\r\n1KG/cone (based on raw material quantity)\r\nWe are trying to serve the best quality. Please note that the production lot makes slight differences on colors.', 15, NULL, 'ＷＨＩＰ,WHIP,whip,ホイップ,ほいっぷ,ファンシー,ブークレ,メランジ,ループ,ナイロン,ウール,アクリル,アルパカ', 'sh_whip.jpg', 'sh_whip_amiji.jpg', 'sh_whip_book.jpg', '', '', 1, '2016-03-13 00:00:00', '2016-10-13 12:18:39'),
(80, 'ＷＯＯＬ ＮＡＶＩ', 'WOOL ＮＡＶＩ', 'ウールナビ', '2/45(2/42)', 7, '14G-1P、12G-2P', 'ウールナビは快適温感繊維「97.6°Ｆ」レーヨンとアクリルウール・ナイロンを混紡した機能素材です。\r\n4種類の繊維を絶妙なバランスでブレンドし、ふわふわっとしたワタ染めのような風合いを、糸染めにして実現しました。\r\n※快適温感繊維「97.6°Ｆ」は衣服内を心地良い環境にする機能素材です。', '・４２色のオリジナルカラーを全色ストックしております。\r\n在庫はその都度ご確認ください。', '', '1kg/cone（投入ベース）\r\n品質の保持は努力しておりますが、ロット間格差には充分ご注意ください。', '“WOOL Navi” is a functional yarn for keeping comfortable body temperature\r\nwith 17 “97.6°F”, ACRYLIC, WOOL, and NYLON. \r\nWe succeeded to make this yarn dyeing material fluffy with the perfect composition\r\nof those four kinds of fiber as if loose stock dyeing material. \r\n*“97.6°F” is a functional material for comfort to wear.', 'All 42 original colors are in stock.\r\n（please check the stock status before you order.）', '', '1kg/cone (based on raw material quantity)\r\nWe are trying to serve the best quality. Please note that the production lot makes slight differences on colors.', 42, NULL, 'ＷＯＯＬ ＮＡＶＩ,WOOL NAVI,wool navi,ウールナビ,うーるなび,ストレート,梳毛,ウール,アクリル,レーヨン,ナイロン', '19c468122d495276288a2d0c74faa7ee5a6d9194.jpg', 'becb7c2eb8f428d1482df65aee2a5ba78c092b06.jpg', 'e05d5b4acad8f2a05c0991027282d9be6f73e328.jpg', '4e1476655190f8b73a8af88de367d5900f403938.jpg', '', 1, '2016-03-13 00:00:00', '2016-04-11 10:53:59'),
(81, 'ＮＥＰＩＡ', 'NEPIA', 'ネピア', '1/3.7', 1, '3G-1', 'スラリとしたNYテープを使用した、ファンシーなモールヤーンです。ボーダー状に編み込んだり、裾や、袖口の飾り糸に使用したり、様々な使い方が楽しめます。', '＊10色のオリジナルカラーを全色ストックしております（在庫は都度ご確認ください）', '', '', 'It is a fancy mole yarn with nylon slim tape. There are various techniques to enjoy this yarn such as border patterns, some decorations for hems and cuffs, and more. ', '*All 10 original colors in stock.\r\n（please check the stock status before you order. ）\r\n', '', '', 10, NULL, 'NEPIA,NEPIA,nepia,ネピア,ねぴあ,ファンシー,モール,ナイロン', '5ff3b72bea113f84a19d18a6c284a0df0b818e3d.jpg', '08e972b97a11678d5d8c1256922573a2df4024ca.jpg', 'b2dc1c43990b1dcfd92782d007968008e5f93a27.jpg', '', '', 1, '2016-04-27 11:31:02', '2016-05-28 14:48:38'),
(83, 'ＲＡＦＦＹ　ＢＡＳＩＣ　2/32', 'RAFFY BASIC 2/32', 'ラフィーベーシック', '2/32', 7, '12G1P,8G2P', 'RAFFYは綿糸の製造工程で削り落とされる、リサイクルコットンを使用しています。\r\n長い繊維と短い繊維を絶妙なバランスでブレンドして作られたのがRAFFYです。\r\n独自の配合が、自然なムラ感と膨らみ、そして柔らかな風合いを生み出しています。\r\n', '6色のオリジナルカラーを全色ストックしています。（在庫状況は、その都度お問い合わせ下さい。）\r\nRWからの別注色も承ります。TOPについては営業担当までお問い合わせ下さい。（要染色期間）\r\n※C/#S・BLKやRW染めの別注カラーとTOPカラーとでは若干の風合い格差がありますのでご注意下さい。\r\n', '', '1kg/cone（投入ベース）\r\n※品質の保持は極力努力しておりますが、ロット間格差には充分ご注意下さい。\r\n', '“RAFFY” is made from a recycle cotton,which was waste from cotton yarn procedure.\r\n“RAFFY” is a perfect mix of long and short fiber.\r\nThe original blend makes it inartificial look of colors,natural bulkiness,and soft touch.\r\n', 'All 6 original colors are in stock. (please check the stock status before you order.)\r\n*custom-made colors from Raw White yarn are available.Please ask custom-made colors from TOP yarn.(the order requires a certain period to dye)\r\n*It might cause different textures between C/#S・BLK,coloring from Raw White yarn,and TOP colors\r\n', '', '1kg/cone (based on raw material quantity) ※We are trying to serve the best quality.\r\nPlease note that the production lot makes slight differnces on colors.\r\n', 6, NULL, 'RAFFY,Raffy,raffy,ラフィー,ﾗﾌｨｰ,らふぃー,ﾗﾌｨ,ラフィ,らふぃ,TOP,ﾒﾗﾝｼﾞ,メランジ,ムラ感,ナチュラル,ﾅﾁｭﾗﾙ,ﾘｻｲｸﾙｺｯﾄﾝ,リサイクルコットン,ｶｼﾞｭｱﾙ,カジュアル', '7024b06ee65188ca2d0946326a7612db07c073ef.jpg', 'b3cbf541b52e3afff813284ccbd9021f7d047f63.jpg', '1ff8eea0a7623766c9ada4f62b046b7dfdae4a8e.jpg', '', '', 1, '2016-07-07 14:30:41', '2017-05-19 18:04:46'),
(84, 'ＲＡＦＦＹ　ＢＡＳＩＣ　2/52', 'ＲＡＦＦＹ　ＢＡＳＩＣ　2/52', 'ラフィーベーシック', '2/52', 8, '14G1P,12G2P', 'RAFFYは綿糸の製造工程で削り落とされる、リサイクルコットンを使用しています。\r\n長い繊維と短い繊維を絶妙なバランスでブレンドして作られたのがRAFFYです。\r\n独自の配合が、自然なムラ感と膨らみ、そして柔らかな風合いを生み出しています。\r\n', '6色のオリジナルカラーを全色ストックしています。（在庫状況は、その都度お問い合わせ下さい。）\r\nRWからの別注色も承ります。TOPについては営業担当までお問い合わせ下さい。（要染色期間）\r\n※C/#S・BLKやRW染めの別注カラーとTOPカラーとでは若干の風合い格差がありますのでご注意下さい。\r\n', '', '1kg/cone（投入ベース）\r\n※品質の保持は極力努力しておりますが、ロット間格差には充分ご注意下さい。\r\n', '“RAFFY” is made from a recycle cotton,which was waste from cotton yarn procedure.\r\n“RAFFY” is a perfect mix of long and short fiber.\r\nThe original blend makes it inartificial look of colors,natural bulkiness,and soft touch.\r\n', 'All 6 original colors are in stock. (please check the stock status before you order.)\r\n*custom-made colors from Raw White yarn are available.Please ask custom-made colors from TOP yarn.(the order requires a certain period to dye)\r\n*It might cause different textures between C/#S・BLK,coloring from Raw White yarn,and TOP colors\r\n', '', '1kg/cone (based on raw material quantity) ※We are trying to serve the best quality.\r\nPlease note that the production lot makes slight differnces on colors.\r\n', 6, NULL, 'RAFFY,Raffy,raffy,ﾗﾌｨｰ,ラフィー,らふぃー,COTTON,Cotton,cotton,TOP,メランジ,ﾒﾗﾝｼﾞ,ムラ感,ﾅﾁｭﾗﾙ,ナチュラル,リサイクルコットン,ﾘｻｲｸﾙｺｯﾄﾝ,ｶｼﾞｭｱﾙ,カジュアル', '2d457f8d3f6ceac10b568e7839076a15eb958482.jpg', '35a284533b5a7f32d3a92be1cb337d7c20cf1795.jpg', '20a20260a6b05d9936c88753dcecc7965e276350.jpg', '', '', 1, '2016-07-07 14:33:22', '2016-08-19 14:07:52'),
(85, 'ＲＡＦＦＹ　ＶＩＮＴＡＧＥ　2/32', 'ＲＡＦＦＹ　ＶＩＮＴＡＧＥ　2/32', 'ラフィーヴィンテージ', '2/32', 7, '12G1P,8G2P', 'RAFFY VINTAGEはRAFFYの糸を特殊な染色方法で染めています。\r\n堅牢度が良好で着古した色落ち感を楽しめるヴィンテージ感覚のデニム調コットンです。\r\n', '4色のオリジナルカラーを全色ストックしています。（在庫状況は、その都度お問い合わせ下さい。）\r\n別注染めについては営業担当までお問い合わせください。（染色・撚糸期間で１ヶ月以上必要となります。）\r\n', 'RAFFY VINTAGEは特殊な染色方法を施している為、編み組織によってはファスナー現象（編地のくっつき）が起こる場合がありますので、ご了承の上ご使用下さい。', '1kg/cone（投入ベース）\r\n※品質の保持は極力努力しておりますが、ロット間格差には充分ご注意下さい。\r\n', '“RAFFY VINTAGE” is uniquely dyed “RAFFY” yarn.\r\nThis cotton yarn looks faded colors like vintage denim.\r\nIt resulted high grade on color fastness test.\r\n', 'All 4 original colors are in stock. (please check the stock status before you order.)\r\n*Please ask custom-made colors (dyeing and spinning procedure requires over a month.)\r\n', '“RAFFY VINTAGE” is dyed by special method. Please note that some stitch desighs might cause “fastener phenomenon” (stitch can be adhered).', '1kg/cone (based on raw material quantity) ※We are trying to serve the best quality.\r\nPlease note that the production lot makes slight differnces on colors.\r\n', 4, NULL, 'RAFFY,Raffy,raffy,ﾗﾌｨｰ,ラフィー,らふぃー,COTTON,cotton,Cotton,綿,デニム,ﾃﾞﾆﾑ,インディゴ,ｲﾝﾃﾞｨｺﾞ,ﾘｻｲｸﾙｺｯﾄﾝ,リサイクルコットン,カジュアル,ｶｼﾞｭｱﾙ', '0b5c228c7fe28734aeb30fdb9f1618aacb8e2a50.jpg', '64a68943f5ed75df19143d8fa845354d07b79b17.jpg', 'be998f0db20b642c9a83376a333686268bd05362.jpg', '', '', 1, '2016-07-07 14:37:52', '2016-08-19 14:07:29'),
(86, 'ＲＡＦＦＹ　ＶＩＮＴＡＧＥ　2/52', 'ＲＡＦＦＹ　ＶＩＮＴＡＧＥ　2/52', 'ラフィーヴィンテージ', '2/52', 8, '14G1P,12G2P', 'RAFFY VINTAGEはRAFFYの糸を特殊な染色方法で染めています。\r\n堅牢度が良好で着古した色落ち感を楽しめるヴィンテージ感覚のデニム調コットンです。\r\n', '4色のオリジナルカラーを全色ストックしています。（在庫状況は、その都度お問い合わせ下さい。）\r\n別注染めについては営業担当までお問い合わせください。（染色・撚糸期間で１ヶ月以上必要となります。）\r\n', 'RAFFY VINTAGEは特殊な染色方法を施している為、編み組織によってはファスナー現象（編地のくっつき）が起こる場合がありますので、ご了承の上ご使用下さい。', '1kg/cone（投入ベース）\r\n※品質の保持は極力努力しておりますが、ロット間格差には充分ご注意下さい。\r\n', '“RAFFY VINTAGE” is uniquely dyed “RAFFY” yarn.\r\nThis cotton yarn looks faded colors like vintage denim.\r\nIt resulted high grade on color fastness test.\r\n', 'All 4 original colors are in stock. (please check the stock status before you order.)\r\n*Please ask custom-made colors (dyeing and spinning procedure requires over a month.)\r\n', '“RAFFY VINTAGE” is dyed by special method. Please note that some stitch desighs might cause “fastener phenomenon” (stitch can be adhered).', '1kg/cone (based on raw material quantity) ※We are trying to serve the best quality.\r\nPlease note that the production lot makes slight differnces on colors.\r\n', 4, NULL, 'RAFFY,Raffy,raffy,ﾗﾌｨｰ,ラフィー,らふぃー,COTTON,Cotton,cotton,綿,ﾃﾞﾆﾑ,デニム,ｲﾝﾃﾞｨｺﾞ,インディゴ,ﾘｻｲｸﾙｺｯﾄﾝ,リサイクルコットン,ｶｼﾞｭｱﾙ,カジュアル', 'ef58a771e396236e905262ab46a90162ad333497.jpg', 'bac9ba37650099ec567bbf2bbc13fa7006e7ec16.jpg', '36879e2a4733de166f0fc046bcbd07b08d7dd804.jpg', '', '', 1, '2016-07-07 14:39:50', '2016-08-19 14:07:17'),
(87, 'ＳＨＡＮＴＩ', 'ＳＨＡＮＴＩ', 'シャンティ', '1/54', 4, '14G-2P,12G-3P', 'シャンティはコンパクトスピニングコットンにポリエステル長繊維をカバーリングしたハイゲージ用のニット素材です。\r\nコンパクトコットンを使用しているので、毛羽立ちが少なく、発色性があります。\r\nハリコシがあり、シワの回復性に優れている為、型くずれしにくい。\r\n膨らみのあるポリエステルを使用しているので、軽く、着心地が良い。', '56色のオリジナルカラーを全色ストックしています。\r\n（在庫状況はその都度ご確認ください。）\r\n※別注色も承ります。（要染色期間）', '', '0.9kg/cone（投入ベース）\r\n※品質の保持は極力努力しておりますが、ロット間格差には充分ご注意下さい。', 'Shanti is made of compact spinning cotton covered with long staple polyester.\r\nIt is suitable for fine gauge design.\r\nCompact cotton features fuzzy less and vividness.\r\nFlexibility keeps its shape and less wrinkle.\r\nBulky polyester made it light-weight and comfortable to wear', 'All 56 original colors in stock.\r\n*please check the stock status before you order.\r\nCustom-made colors are available (the order requires a certain period to dye)', '', '0.9kg/cone (based on raw material quantity)\r\nWe are tlying to serve the best quality.\r\nPlease note that the production lot makes slight fifferences on colors.', 56, NULL, 'SHANTI,Shanti,shanti,シャンティ,ｼｬﾝﾃｨ,しゃんてぃ,綿ポリ,形態安定,清涼感,ハイゲージ用,ﾊｲｹﾞｰｼﾞ用,ハイゲージ,ﾊｲｹﾞｰｼﾞ', 'a9b9f58b8daa6b38ccb8c922cef9972597d8c5fa.jpg', '2aab3f90de6584c601d4b2365988c69c6a5169bf.jpg', 'f2f4a525505795348b17aa9fcaaa25d9d41ebf31.jpg', 'f44e21aaa8a88a6a25ae0488ffc96dc68ad92409.jpg', '6c8031ba416d6045c179df53999d19fc65f10e48.jpg', 1, '2016-07-07 15:23:44', '2016-08-19 14:06:35');

-- --------------------------------------------------------

--
-- テーブルの構造 `yarn_areas`
--

CREATE TABLE IF NOT EXISTS `yarn_areas` (
  `id` int(10) unsigned NOT NULL AUTO_INCREMENT,
  `yarn_id` int(10) unsigned NOT NULL,
  `area_id` int(10) unsigned NOT NULL,
  `created` datetime DEFAULT NULL,
  `modified` datetime DEFAULT NULL,
  PRIMARY KEY (`id`)
) ENGINE=MyISAM  DEFAULT CHARSET=utf8 AUTO_INCREMENT=578 ;

--
-- テーブルのデータのダンプ `yarn_areas`
--

INSERT INTO `yarn_areas` (`id`, `yarn_id`, `area_id`, `created`, `modified`) VALUES
(568, 1, 1, '2017-05-19 18:58:13', '2017-05-19 18:58:13'),
(569, 2, 1, '2017-05-19 18:59:10', '2017-05-19 18:59:10'),
(570, 3, 2, '2017-05-19 18:59:34', '2017-05-19 18:59:34'),
(571, 4, 2, '2017-05-19 18:59:57', '2017-05-19 18:59:57'),
(572, 5, 1, '2017-05-19 19:00:21', '2017-05-19 19:00:21'),
(575, 6, 1, '2017-05-19 19:01:41', '2017-05-19 19:01:41'),
(576, 7, 1, '2017-05-19 19:02:01', '2017-05-19 19:02:01'),
(577, 8, 1, '2017-05-19 19:02:31', '2017-05-19 19:02:31'),
(573, 9, 1, '2017-05-19 19:00:46', '2017-05-19 19:00:46'),
(574, 10, 2, '2017-05-19 19:01:15', '2017-05-19 19:01:15'),
(520, 11, 1, '2016-10-12 14:24:54', '2016-10-12 14:24:54'),
(404, 12, 1, '2016-05-28 12:44:14', '2016-05-28 12:44:14'),
(549, 13, 1, '2016-10-13 12:23:30', '2016-10-13 12:23:30'),
(559, 14, 1, '2016-10-14 09:43:49', '2016-10-14 09:43:49'),
(554, 15, 3, '2016-10-14 09:40:35', '2016-10-14 09:40:35'),
(558, 16, 2, '2016-10-14 09:42:39', '2016-10-14 09:42:39'),
(521, 17, 2, '2016-10-12 14:27:11', '2016-10-12 14:27:11'),
(322, 18, 1, '2016-04-11 11:33:29', '2016-04-11 11:33:29'),
(323, 19, 1, '2016-04-11 11:34:16', '2016-04-11 11:34:16'),
(515, 20, 1, '2016-08-30 16:15:51', '2016-08-30 16:15:51'),
(533, 21, 1, '2016-10-13 12:09:14', '2016-10-13 12:09:14'),
(301, 22, 1, '2016-04-11 11:18:42', '2016-04-11 11:18:42'),
(422, 23, 1, '2016-05-28 13:14:17', '2016-05-28 13:14:17'),
(396, 24, 1, '2016-04-14 15:54:42', '2016-04-14 15:54:42'),
(380, 25, 1, '2016-04-12 16:08:20', '2016-04-12 16:08:20'),
(379, 26, 1, '2016-04-12 16:05:55', '2016-04-12 16:05:55'),
(381, 27, 1, '2016-04-12 16:09:16', '2016-04-12 16:09:16'),
(318, 28, 1, '2016-04-11 11:31:56', '2016-04-11 11:31:56'),
(317, 29, 1, '2016-04-11 11:31:37', '2016-04-11 11:31:37'),
(433, 30, 2, '2016-05-28 13:34:04', '2016-05-28 13:34:04'),
(403, 31, 1, '2016-05-20 11:33:11', '2016-05-20 11:33:11'),
(395, 32, 1, '2016-04-13 17:37:21', '2016-04-13 17:37:21'),
(425, 33, 1, '2016-05-28 13:21:44', '2016-05-28 13:21:44'),
(330, 34, 1, '2016-04-11 11:39:20', '2016-04-11 11:39:20'),
(378, 35, 1, '2016-04-12 16:02:07', '2016-04-12 16:02:07'),
(377, 36, 1, '2016-04-12 13:44:03', '2016-04-12 13:44:03'),
(338, 37, 1, '2016-04-11 11:44:46', '2016-04-11 11:44:46'),
(423, 38, 1, '2016-05-28 13:16:29', '2016-05-28 13:16:29'),
(315, 39, 1, '2016-04-11 11:30:55', '2016-04-11 11:30:55'),
(516, 40, 1, '2016-08-30 16:16:24', '2016-08-30 16:16:24'),
(522, 41, 2, '2016-10-12 14:27:52', '2016-10-12 14:27:52'),
(547, 42, 1, '2016-10-13 12:20:53', '2016-10-13 12:20:53'),
(435, 43, 2, '2016-05-28 13:37:00', '2016-05-28 13:37:00'),
(436, 44, 2, '2016-05-28 13:38:59', '2016-05-28 13:38:59'),
(537, 45, 2, '2016-10-13 12:12:00', '2016-10-13 12:12:00'),
(567, 46, 1, '2017-05-19 18:38:10', '2017-05-19 18:38:10'),
(241, 47, 3, '2016-04-08 14:57:44', '2016-04-08 14:57:44'),
(374, 48, 3, '2016-04-12 11:18:47', '2016-04-12 11:18:47'),
(557, 49, 1, '2016-10-14 09:42:11', '2016-10-14 09:42:11'),
(555, 50, 3, '2016-10-14 09:41:07', '2016-10-14 09:41:07'),
(556, 51, 2, '2016-10-14 09:41:52', '2016-10-14 09:41:52'),
(542, 52, 1, '2016-10-13 12:17:17', '2016-10-13 12:17:17'),
(357, 53, 1, '2016-04-11 11:53:12', '2016-04-11 11:53:12'),
(440, 54, 1, '2016-05-28 13:44:24', '2016-05-28 13:44:24'),
(358, 55, 1, '2016-04-11 11:53:44', '2016-04-11 11:53:44'),
(359, 56, 1, '2016-04-11 11:53:58', '2016-04-11 11:53:58'),
(471, 57, 2, '2016-05-30 13:56:15', '2016-05-30 13:56:15'),
(511, 84, 1, '2016-08-19 14:07:52', '2016-08-19 14:07:52'),
(349, 59, 1, '2016-04-11 11:49:10', '2016-04-11 11:49:10'),
(424, 60, 1, '2016-05-28 13:17:14', '2016-05-28 13:17:14'),
(548, 61, 1, '2016-10-13 12:21:38', '2016-10-13 12:21:38'),
(397, 62, 1, '2016-04-14 15:55:51', '2016-04-14 15:55:51'),
(373, 63, 1, '2016-04-12 11:17:04', '2016-04-12 11:17:04'),
(472, 64, 1, '2016-05-31 10:35:00', '2016-05-31 10:35:00'),
(384, 65, 1, '2016-04-13 09:00:23', '2016-04-13 09:00:23'),
(514, 66, 1, '2016-08-30 16:15:13', '2016-08-30 16:15:13'),
(513, 67, 1, '2016-08-30 16:14:57', '2016-08-30 16:14:57'),
(421, 68, 1, '2016-05-28 13:13:41', '2016-05-28 13:13:41'),
(336, 69, 1, '2016-04-11 11:43:18', '2016-04-11 11:43:18'),
(337, 70, 1, '2016-04-11 11:43:57', '2016-04-11 11:43:57'),
(394, 71, 1, '2016-04-13 09:33:26', '2016-04-13 09:33:26'),
(543, 72, 1, '2016-10-13 12:18:00', '2016-10-13 12:18:00'),
(469, 73, 1, '2016-05-28 14:48:52', '2016-05-28 14:48:52'),
(465, 74, 1, '2016-05-28 13:56:51', '2016-05-28 13:56:51'),
(460, 75, 1, '2016-05-28 13:55:23', '2016-05-28 13:55:23'),
(466, 76, 1, '2016-05-28 13:57:39', '2016-05-28 13:57:39'),
(467, 77, 1, '2016-05-28 13:58:55', '2016-05-28 13:58:55'),
(294, 78, 1, '2016-04-11 10:54:20', '2016-04-11 10:54:20'),
(544, 79, 2, '2016-10-13 12:18:39', '2016-10-13 12:18:39'),
(293, 80, 1, '2016-04-11 10:53:59', '2016-04-11 10:53:59'),
(470, 57, 1, '2016-05-30 13:56:15', '2016-05-30 13:56:15'),
(560, 83, 1, '2017-05-19 18:04:46', '2017-05-19 18:04:46'),
(468, 81, 2, '2016-05-28 14:48:38', '2016-05-28 14:48:38'),
(510, 85, 1, '2016-08-19 14:07:29', '2016-08-19 14:07:29'),
(509, 86, 1, '2016-08-19 14:07:17', '2016-08-19 14:07:17'),
(508, 87, 1, '2016-08-19 14:06:35', '2016-08-19 14:06:35');

-- --------------------------------------------------------

--
-- テーブルの構造 `yarn_gauges`
--

CREATE TABLE IF NOT EXISTS `yarn_gauges` (
  `id` int(10) unsigned NOT NULL AUTO_INCREMENT,
  `yarn_id` int(10) unsigned NOT NULL,
  `gauge_id` int(10) unsigned NOT NULL,
  `created` datetime DEFAULT NULL,
  `modified` datetime DEFAULT NULL,
  PRIMARY KEY (`id`)
) ENGINE=MyISAM  DEFAULT CHARSET=utf8 AUTO_INCREMENT=1037 ;

--
-- テーブルのデータのダンプ `yarn_gauges`
--

INSERT INTO `yarn_gauges` (`id`, `yarn_id`, `gauge_id`, `created`, `modified`) VALUES
(1018, 1, 6, '2017-05-19 18:58:13', '2017-05-19 18:58:13'),
(1017, 1, 4, '2017-05-19 18:58:13', '2017-05-19 18:58:13'),
(1020, 2, 5, '2017-05-19 18:59:10', '2017-05-19 18:59:10'),
(1019, 2, 4, '2017-05-19 18:59:10', '2017-05-19 18:59:10'),
(1021, 3, 3, '2017-05-19 18:59:34', '2017-05-19 18:59:34'),
(1023, 4, 9, '2017-05-19 18:59:57', '2017-05-19 18:59:57'),
(1026, 5, 9, '2017-05-19 19:00:21', '2017-05-19 19:00:21'),
(1033, 6, 5, '2017-05-19 19:01:41', '2017-05-19 19:01:41'),
(1032, 6, 4, '2017-05-19 19:01:41', '2017-05-19 19:01:41'),
(1035, 7, 8, '2017-05-19 19:02:01', '2017-05-19 19:02:01'),
(1034, 7, 7, '2017-05-19 19:02:01', '2017-05-19 19:02:01'),
(1036, 8, 4, '2017-05-19 19:02:31', '2017-05-19 19:02:31'),
(1029, 9, 9, '2017-05-19 19:00:46', '2017-05-19 19:00:46'),
(1031, 10, 7, '2017-05-19 19:01:15', '2017-05-19 19:01:15'),
(1030, 10, 6, '2017-05-19 19:01:15', '2017-05-19 19:01:15'),
(931, 11, 7, '2016-10-12 14:24:54', '2016-10-12 14:24:54'),
(930, 11, 6, '2016-10-12 14:24:54', '2016-10-12 14:24:54'),
(733, 12, 8, '2016-05-28 12:44:14', '2016-05-28 12:44:14'),
(732, 12, 7, '2016-05-28 12:44:14', '2016-05-28 12:44:14'),
(980, 13, 6, '2016-10-13 12:23:30', '2016-10-13 12:23:30'),
(979, 13, 4, '2016-10-13 12:23:30', '2016-10-13 12:23:30'),
(1000, 14, 5, '2016-10-14 09:43:49', '2016-10-14 09:43:49'),
(999, 14, 4, '2016-10-14 09:43:49', '2016-10-14 09:43:49'),
(990, 15, 5, '2016-10-14 09:40:35', '2016-10-14 09:40:35'),
(989, 15, 4, '2016-10-14 09:40:35', '2016-10-14 09:40:35'),
(998, 16, 5, '2016-10-14 09:42:39', '2016-10-14 09:42:39'),
(997, 16, 4, '2016-10-14 09:42:39', '2016-10-14 09:42:39'),
(934, 17, 9, '2016-10-12 14:27:11', '2016-10-12 14:27:11'),
(587, 18, 6, '2016-04-11 11:33:29', '2016-04-11 11:33:29'),
(586, 18, 4, '2016-04-11 11:33:29', '2016-04-11 11:33:29'),
(589, 19, 6, '2016-04-11 11:34:16', '2016-04-11 11:34:16'),
(588, 19, 4, '2016-04-11 11:34:16', '2016-04-11 11:34:16'),
(921, 20, 4, '2016-08-30 16:15:51', '2016-08-30 16:15:51'),
(920, 20, 3, '2016-08-30 16:15:51', '2016-08-30 16:15:51'),
(948, 21, 4, '2016-10-13 12:09:14', '2016-10-13 12:09:14'),
(947, 21, 3, '2016-10-13 12:09:14', '2016-10-13 12:09:14'),
(545, 22, 5, '2016-04-11 11:18:42', '2016-04-11 11:18:42'),
(544, 22, 4, '2016-04-11 11:18:42', '2016-04-11 11:18:42'),
(769, 23, 3, '2016-05-28 13:14:17', '2016-05-28 13:14:17'),
(721, 24, 8, '2016-04-14 15:54:42', '2016-04-14 15:54:42'),
(720, 24, 7, '2016-04-14 15:54:42', '2016-04-14 15:54:42'),
(691, 25, 4, '2016-04-12 16:08:20', '2016-04-12 16:08:20'),
(690, 26, 4, '2016-04-12 16:05:55', '2016-04-12 16:05:55'),
(693, 27, 6, '2016-04-12 16:09:16', '2016-04-12 16:09:16'),
(692, 27, 4, '2016-04-12 16:09:16', '2016-04-12 16:09:16'),
(580, 28, 3, '2016-04-11 11:31:56', '2016-04-11 11:31:56'),
(579, 29, 7, '2016-04-11 11:31:37', '2016-04-11 11:31:37'),
(578, 29, 6, '2016-04-11 11:31:37', '2016-04-11 11:31:37'),
(790, 30, 9, '2016-05-28 13:34:04', '2016-05-28 13:34:04'),
(731, 31, 8, '2016-05-20 11:33:11', '2016-05-20 11:33:11'),
(730, 31, 7, '2016-05-20 11:33:11', '2016-05-20 11:33:11'),
(719, 32, 4, '2016-04-13 17:37:21', '2016-04-13 17:37:21'),
(718, 32, 3, '2016-04-13 17:37:21', '2016-04-13 17:37:21'),
(773, 33, 3, '2016-05-28 13:21:44', '2016-05-28 13:21:44'),
(603, 34, 4, '2016-04-11 11:39:20', '2016-04-11 11:39:20'),
(602, 34, 3, '2016-04-11 11:39:20', '2016-04-11 11:39:20'),
(689, 35, 7, '2016-04-12 16:02:07', '2016-04-12 16:02:07'),
(688, 35, 6, '2016-04-12 16:02:07', '2016-04-12 16:02:07'),
(687, 36, 8, '2016-04-12 13:44:03', '2016-04-12 13:44:03'),
(686, 36, 7, '2016-04-12 13:44:03', '2016-04-12 13:44:03'),
(616, 37, 4, '2016-04-11 11:44:46', '2016-04-11 11:44:46'),
(615, 37, 3, '2016-04-11 11:44:46', '2016-04-11 11:44:46'),
(771, 38, 7, '2016-05-28 13:16:29', '2016-05-28 13:16:29'),
(770, 38, 6, '2016-05-28 13:16:29', '2016-05-28 13:16:29'),
(576, 39, 8, '2016-04-11 11:30:55', '2016-04-11 11:30:55'),
(575, 39, 7, '2016-04-11 11:30:55', '2016-04-11 11:30:55'),
(922, 40, 4, '2016-08-30 16:16:24', '2016-08-30 16:16:24'),
(936, 41, 5, '2016-10-12 14:27:52', '2016-10-12 14:27:52'),
(935, 41, 4, '2016-10-12 14:27:52', '2016-10-12 14:27:52'),
(976, 42, 8, '2016-10-13 12:20:53', '2016-10-13 12:20:53'),
(975, 42, 7, '2016-10-13 12:20:53', '2016-10-13 12:20:53'),
(794, 43, 4, '2016-05-28 13:37:00', '2016-05-28 13:37:00'),
(793, 43, 3, '2016-05-28 13:37:00', '2016-05-28 13:37:00'),
(796, 44, 4, '2016-05-28 13:38:59', '2016-05-28 13:38:59'),
(795, 44, 3, '2016-05-28 13:38:59', '2016-05-28 13:38:59'),
(956, 45, 4, '2016-10-13 12:12:00', '2016-10-13 12:12:00'),
(955, 45, 3, '2016-10-13 12:12:00', '2016-10-13 12:12:00'),
(1016, 46, 6, '2017-05-19 18:38:10', '2017-05-19 18:38:10'),
(1015, 46, 4, '2017-05-19 18:38:10', '2017-05-19 18:38:10'),
(432, 47, 3, '2016-04-08 14:57:44', '2016-04-08 14:57:44'),
(681, 48, 9, '2016-04-12 11:18:47', '2016-04-12 11:18:47'),
(996, 49, 5, '2016-10-14 09:42:11', '2016-10-14 09:42:11'),
(995, 49, 4, '2016-10-14 09:42:11', '2016-10-14 09:42:11'),
(992, 50, 5, '2016-10-14 09:41:07', '2016-10-14 09:41:07'),
(991, 50, 4, '2016-10-14 09:41:07', '2016-10-14 09:41:07'),
(994, 51, 5, '2016-10-14 09:41:52', '2016-10-14 09:41:52'),
(993, 51, 4, '2016-10-14 09:41:52', '2016-10-14 09:41:52'),
(966, 52, 5, '2016-10-13 12:17:17', '2016-10-13 12:17:17'),
(965, 52, 4, '2016-10-13 12:17:17', '2016-10-13 12:17:17'),
(652, 53, 8, '2016-04-11 11:53:12', '2016-04-11 11:53:12'),
(651, 53, 7, '2016-04-11 11:53:12', '2016-04-11 11:53:12'),
(804, 54, 4, '2016-05-28 13:44:24', '2016-05-28 13:44:24'),
(803, 54, 3, '2016-05-28 13:44:24', '2016-05-28 13:44:24'),
(654, 55, 6, '2016-04-11 11:53:44', '2016-04-11 11:53:44'),
(653, 55, 4, '2016-04-11 11:53:44', '2016-04-11 11:53:44'),
(656, 56, 4, '2016-04-11 11:53:58', '2016-04-11 11:53:58'),
(655, 56, 3, '2016-04-11 11:53:58', '2016-04-11 11:53:58'),
(860, 57, 8, '2016-05-30 13:56:15', '2016-05-30 13:56:15'),
(859, 57, 7, '2016-05-30 13:56:15', '2016-05-30 13:56:15'),
(909, 86, 7, '2016-08-19 14:07:17', '2016-08-19 14:07:17'),
(908, 86, 6, '2016-08-19 14:07:17', '2016-08-19 14:07:17'),
(637, 59, 3, '2016-04-11 11:49:10', '2016-04-11 11:49:10'),
(772, 60, 4, '2016-05-28 13:17:14', '2016-05-28 13:17:14'),
(978, 61, 8, '2016-10-13 12:21:38', '2016-10-13 12:21:38'),
(977, 61, 7, '2016-10-13 12:21:38', '2016-10-13 12:21:38'),
(723, 62, 6, '2016-04-14 15:55:51', '2016-04-14 15:55:51'),
(722, 62, 4, '2016-04-14 15:55:51', '2016-04-14 15:55:51'),
(679, 63, 7, '2016-04-12 11:17:04', '2016-04-12 11:17:04'),
(678, 63, 6, '2016-04-12 11:17:04', '2016-04-12 11:17:04'),
(862, 64, 4, '2016-05-31 10:35:00', '2016-05-31 10:35:00'),
(861, 64, 3, '2016-05-31 10:35:00', '2016-05-31 10:35:00'),
(698, 65, 6, '2016-04-13 09:00:23', '2016-04-13 09:00:23'),
(697, 65, 4, '2016-04-13 09:00:23', '2016-04-13 09:00:23'),
(919, 66, 5, '2016-08-30 16:15:13', '2016-08-30 16:15:13'),
(918, 66, 4, '2016-08-30 16:15:13', '2016-08-30 16:15:13'),
(917, 67, 5, '2016-08-30 16:14:57', '2016-08-30 16:14:57'),
(916, 67, 4, '2016-08-30 16:14:57', '2016-08-30 16:14:57'),
(767, 68, 8, '2016-05-28 13:13:41', '2016-05-28 13:13:41'),
(766, 68, 7, '2016-05-28 13:13:41', '2016-05-28 13:13:41'),
(612, 69, 8, '2016-04-11 11:43:18', '2016-04-11 11:43:18'),
(611, 69, 7, '2016-04-11 11:43:18', '2016-04-11 11:43:18'),
(614, 70, 7, '2016-04-11 11:43:57', '2016-04-11 11:43:57'),
(613, 70, 6, '2016-04-11 11:43:57', '2016-04-11 11:43:57'),
(717, 71, 6, '2016-04-13 09:33:26', '2016-04-13 09:33:26'),
(716, 71, 4, '2016-04-13 09:33:26', '2016-04-13 09:33:26'),
(968, 72, 4, '2016-10-13 12:18:00', '2016-10-13 12:18:00'),
(967, 72, 3, '2016-10-13 12:18:00', '2016-10-13 12:18:00'),
(858, 73, 8, '2016-05-28 14:48:52', '2016-05-28 14:48:52'),
(857, 73, 7, '2016-05-28 14:48:52', '2016-05-28 14:48:52'),
(852, 74, 5, '2016-05-28 13:56:51', '2016-05-28 13:56:51'),
(851, 74, 4, '2016-05-28 13:56:51', '2016-05-28 13:56:51'),
(842, 75, 4, '2016-05-28 13:55:23', '2016-05-28 13:55:23'),
(841, 75, 3, '2016-05-28 13:55:23', '2016-05-28 13:55:23'),
(854, 76, 4, '2016-05-28 13:57:39', '2016-05-28 13:57:39'),
(853, 76, 3, '2016-05-28 13:57:39', '2016-05-28 13:57:39'),
(856, 77, 5, '2016-05-28 13:58:55', '2016-05-28 13:58:55'),
(855, 77, 3, '2016-05-28 13:58:55', '2016-05-28 13:58:55'),
(531, 78, 3, '2016-04-11 10:54:20', '2016-04-11 10:54:20'),
(530, 78, 2, '2016-04-11 10:54:20', '2016-04-11 10:54:20'),
(970, 79, 4, '2016-10-13 12:18:39', '2016-10-13 12:18:39'),
(969, 79, 3, '2016-10-13 12:18:39', '2016-10-13 12:18:39'),
(529, 80, 7, '2016-04-11 10:53:59', '2016-04-11 10:53:59'),
(528, 80, 6, '2016-04-11 10:53:59', '2016-04-11 10:53:59'),
(1022, 4, 2, '2017-05-19 18:59:57', '2017-05-19 18:59:57'),
(1025, 5, 3, '2017-05-19 19:00:21', '2017-05-19 19:00:21'),
(1024, 5, 2, '2017-05-19 19:00:21', '2017-05-19 19:00:21'),
(1028, 9, 3, '2017-05-19 19:00:46', '2017-05-19 19:00:46'),
(1027, 9, 2, '2017-05-19 19:00:46', '2017-05-19 19:00:46'),
(933, 17, 3, '2016-10-12 14:27:11', '2016-10-12 14:27:11'),
(932, 17, 2, '2016-10-12 14:27:11', '2016-10-12 14:27:11'),
(768, 23, 2, '2016-05-28 13:14:17', '2016-05-28 13:14:17'),
(789, 30, 3, '2016-05-28 13:34:04', '2016-05-28 13:34:04'),
(788, 30, 2, '2016-05-28 13:34:04', '2016-05-28 13:34:04'),
(680, 48, 2, '2016-04-12 11:18:47', '2016-04-12 11:18:47'),
(911, 85, 6, '2016-08-19 14:07:29', '2016-08-19 14:07:29'),
(910, 85, 4, '2016-08-19 14:07:29', '2016-08-19 14:07:29'),
(913, 84, 7, '2016-08-19 14:07:52', '2016-08-19 14:07:52'),
(912, 84, 6, '2016-08-19 14:07:52', '2016-08-19 14:07:52'),
(1002, 83, 6, '2017-05-19 18:04:46', '2017-05-19 18:04:46'),
(1001, 83, 4, '2017-05-19 18:04:46', '2017-05-19 18:04:46'),
(907, 87, 7, '2016-08-19 14:06:35', '2016-08-19 14:06:35'),
(906, 87, 6, '2016-08-19 14:06:35', '2016-08-19 14:06:35');

-- --------------------------------------------------------

--
-- テーブルの構造 `yarn_materials`
--

CREATE TABLE IF NOT EXISTS `yarn_materials` (
  `id` int(10) unsigned NOT NULL AUTO_INCREMENT,
  `yarn_id` int(11) NOT NULL,
  `material_id` int(11) DEFAULT NULL,
  `mixed` text,
  `created` datetime DEFAULT NULL,
  `modified` datetime DEFAULT NULL,
  PRIMARY KEY (`id`)
) ENGINE=MyISAM  DEFAULT CHARSET=utf8 AUTO_INCREMENT=4090 ;

--
-- テーブルのデータのダンプ `yarn_materials`
--

INSERT INTO `yarn_materials` (`id`, `yarn_id`, `material_id`, `mixed`, `created`, `modified`) VALUES
(2088, 18, NULL, '', '2016-04-11 11:33:29', '2016-04-11 11:33:29'),
(3248, 64, NULL, '', '2016-05-31 10:35:00', '2016-05-31 10:35:00'),
(4025, 2, NULL, '', '2017-05-19 18:59:10', '2017-05-19 18:59:10'),
(4033, 3, 3, '40', '2017-05-19 18:59:34', '2017-05-19 18:59:34'),
(4032, 3, 2, '60', '2017-05-19 18:59:34', '2017-05-19 18:59:34'),
(4041, 4, NULL, '', '2017-05-19 18:59:57', '2017-05-19 18:59:57'),
(4040, 4, NULL, '', '2017-05-19 18:59:57', '2017-05-19 18:59:57'),
(4049, 5, NULL, '', '2017-05-19 19:00:21', '2017-05-19 19:00:21'),
(4073, 6, NULL, '', '2017-05-19 19:01:41', '2017-05-19 19:01:41'),
(4072, 6, NULL, '', '2017-05-19 19:01:41', '2017-05-19 19:01:41'),
(4080, 7, NULL, '', '2017-05-19 19:02:01', '2017-05-19 19:02:01'),
(4079, 7, 13, '25', '2017-05-19 19:02:01', '2017-05-19 19:02:01'),
(4088, 8, NULL, '', '2017-05-19 19:02:31', '2017-05-19 19:02:31'),
(4087, 8, 7, '50', '2017-05-19 19:02:31', '2017-05-19 19:02:31'),
(4057, 9, NULL, '', '2017-05-19 19:00:46', '2017-05-19 19:00:46'),
(4064, 10, NULL, '', '2017-05-19 19:01:15', '2017-05-19 19:01:15'),
(4063, 10, NULL, '', '2017-05-19 19:01:15', '2017-05-19 19:01:15'),
(3632, 11, NULL, '', '2016-10-12 14:24:54', '2016-10-12 14:24:54'),
(3631, 11, NULL, '', '2016-10-12 14:24:54', '2016-10-12 14:24:54'),
(3630, 11, NULL, '', '2016-10-12 14:24:54', '2016-10-12 14:24:54'),
(2721, 12, NULL, '', '2016-05-28 12:44:14', '2016-05-28 12:44:14'),
(2720, 12, NULL, '', '2016-05-28 12:44:14', '2016-05-28 12:44:14'),
(2718, 12, NULL, '', '2016-05-28 12:44:14', '2016-05-28 12:44:14'),
(3863, 13, 19, '40', '2016-10-13 12:23:30', '2016-10-13 12:23:30'),
(3945, 14, NULL, '', '2016-10-14 09:43:49', '2016-10-14 09:43:49'),
(3944, 14, NULL, '', '2016-10-14 09:43:49', '2016-10-14 09:43:49'),
(3942, 14, 19, '15', '2016-10-14 09:43:49', '2016-10-14 09:43:49'),
(3905, 15, NULL, '', '2016-10-14 09:40:35', '2016-10-14 09:40:35'),
(3904, 15, NULL, '', '2016-10-14 09:40:35', '2016-10-14 09:40:35'),
(3902, 15, 19, '15', '2016-10-14 09:40:35', '2016-10-14 09:40:35'),
(3936, 16, NULL, '', '2016-10-14 09:42:39', '2016-10-14 09:42:39'),
(3640, 17, NULL, '', '2016-10-12 14:27:11', '2016-10-12 14:27:11'),
(3639, 17, NULL, '', '2016-10-12 14:27:11', '2016-10-12 14:27:11'),
(2087, 18, NULL, '', '2016-04-11 11:33:29', '2016-04-11 11:33:29'),
(2086, 18, 2, '55', '2016-04-11 11:33:29', '2016-04-11 11:33:29'),
(2085, 18, 19, '36', '2016-04-11 11:33:29', '2016-04-11 11:33:29'),
(2084, 18, 14, '6', '2016-04-11 11:33:29', '2016-04-11 11:33:29'),
(2095, 19, NULL, '', '2016-04-11 11:34:16', '2016-04-11 11:34:16'),
(2094, 19, NULL, '', '2016-04-11 11:34:16', '2016-04-11 11:34:16'),
(2093, 19, 2, '50', '2016-04-11 11:34:16', '2016-04-11 11:34:16'),
(2092, 19, 19, '31', '2016-04-11 11:34:16', '2016-04-11 11:34:16'),
(3592, 20, NULL, '', '2016-08-30 16:15:51', '2016-08-30 16:15:51'),
(3737, 21, NULL, '', '2016-10-13 12:09:14', '2016-10-13 12:09:14'),
(3736, 21, NULL, '', '2016-10-13 12:09:14', '2016-10-13 12:09:14'),
(3735, 21, 19, '10', '2016-10-13 12:09:14', '2016-10-13 12:09:14'),
(3734, 21, 13, '30', '2016-10-13 12:09:14', '2016-10-13 12:09:14'),
(1921, 22, NULL, '', '2016-04-11 11:18:42', '2016-04-11 11:18:42'),
(1920, 22, NULL, '', '2016-04-11 11:18:42', '2016-04-11 11:18:42'),
(1919, 22, 6, '5', '2016-04-11 11:18:42', '2016-04-11 11:18:42'),
(1918, 22, 4, '20', '2016-04-11 11:18:42', '2016-04-11 11:18:42'),
(2857, 23, NULL, '', '2016-05-28 13:14:17', '2016-05-28 13:14:17'),
(2856, 23, NULL, '', '2016-05-28 13:14:17', '2016-05-28 13:14:17'),
(2855, 23, 6, '5', '2016-05-28 13:14:17', '2016-05-28 13:14:17'),
(2854, 23, 4, '20', '2016-05-28 13:14:17', '2016-05-28 13:14:17'),
(2656, 24, NULL, '', '2016-04-14 15:54:42', '2016-04-14 15:54:42'),
(2528, 25, NULL, '', '2016-04-12 16:08:20', '2016-04-12 16:08:20'),
(2527, 25, 13, '47', '2016-04-12 16:08:20', '2016-04-12 16:08:20'),
(2520, 26, NULL, '', '2016-04-12 16:05:55', '2016-04-12 16:05:55'),
(2519, 26, NULL, '', '2016-04-12 16:05:55', '2016-04-12 16:05:55'),
(2536, 27, NULL, '', '2016-04-12 16:09:16', '2016-04-12 16:09:16'),
(2535, 27, 2, '48', '2016-04-12 16:09:16', '2016-04-12 16:09:16'),
(2055, 28, NULL, '', '2016-04-11 11:31:56', '2016-04-11 11:31:56'),
(2054, 28, NULL, '', '2016-04-11 11:31:56', '2016-04-11 11:31:56'),
(2048, 29, NULL, '', '2016-04-11 11:31:37', '2016-04-11 11:31:37'),
(2712, 31, NULL, '', '2016-05-20 11:33:11', '2016-05-20 11:33:11'),
(2649, 32, NULL, '', '2016-04-13 17:37:21', '2016-04-13 17:37:21'),
(2648, 32, NULL, '', '2016-04-13 17:37:21', '2016-04-13 17:37:21'),
(2646, 32, 10, '17', '2016-04-13 17:37:21', '2016-04-13 17:37:21'),
(2153, 34, NULL, '', '2016-04-11 11:39:20', '2016-04-11 11:39:20'),
(2152, 34, NULL, '', '2016-04-11 11:39:20', '2016-04-11 11:39:20'),
(2513, 35, NULL, '', '2016-04-12 16:02:07', '2016-04-12 16:02:07'),
(2512, 35, NULL, '', '2016-04-12 16:02:07', '2016-04-12 16:02:07'),
(2505, 36, NULL, '', '2016-04-12 13:44:03', '2016-04-12 13:44:03'),
(2504, 36, NULL, '', '2016-04-12 13:44:03', '2016-04-12 13:44:03'),
(2209, 37, NULL, '', '2016-04-11 11:44:46', '2016-04-11 11:44:46'),
(2208, 37, NULL, '', '2016-04-11 11:44:46', '2016-04-11 11:44:46'),
(2864, 38, NULL, '', '2016-05-28 13:16:29', '2016-05-28 13:16:29'),
(2863, 38, NULL, '', '2016-05-28 13:16:29', '2016-05-28 13:16:29'),
(2031, 39, NULL, '', '2016-04-11 11:30:55', '2016-04-11 11:30:55'),
(2030, 39, NULL, '', '2016-04-11 11:30:55', '2016-04-11 11:30:55'),
(3600, 40, NULL, '', '2016-08-30 16:16:24', '2016-08-30 16:16:24'),
(3599, 40, NULL, '', '2016-08-30 16:16:24', '2016-08-30 16:16:24'),
(3649, 41, NULL, '', '2016-10-12 14:27:52', '2016-10-12 14:27:52'),
(3648, 41, 7, '45', '2016-10-12 14:27:52', '2016-10-12 14:27:52'),
(2473, 63, NULL, '', '2016-04-12 11:17:04', '2016-04-12 11:17:04'),
(2472, 63, NULL, '', '2016-04-12 11:17:04', '2016-04-12 11:17:04'),
(2961, 43, NULL, '', '2016-05-28 13:37:00', '2016-05-28 13:37:00'),
(2960, 43, NULL, '', '2016-05-28 13:37:00', '2016-05-28 13:37:00'),
(2959, 43, 7, '35', '2016-05-28 13:37:00', '2016-05-28 13:37:00'),
(2958, 43, 2, '35', '2016-05-28 13:37:00', '2016-05-28 13:37:00'),
(2969, 44, NULL, '', '2016-05-28 13:38:59', '2016-05-28 13:38:59'),
(2968, 44, NULL, '', '2016-05-28 13:38:59', '2016-05-28 13:38:59'),
(2966, 44, 12, '15', '2016-05-28 13:38:59', '2016-05-28 13:38:59'),
(3768, 45, NULL, '', '2016-10-13 12:12:00', '2016-10-13 12:12:00'),
(3767, 45, NULL, '', '2016-10-13 12:12:00', '2016-10-13 12:12:00'),
(4008, 46, NULL, '', '2017-05-19 18:38:10', '2017-05-19 18:38:10'),
(4007, 46, NULL, '', '2017-05-19 18:38:10', '2017-05-19 18:38:10'),
(4006, 46, NULL, '', '2017-05-19 18:38:10', '2017-05-19 18:38:10'),
(4005, 46, 17, '35', '2017-05-19 18:38:10', '2017-05-19 18:38:10'),
(1457, 47, NULL, '', '2016-04-08 14:57:44', '2016-04-08 14:57:44'),
(1456, 47, NULL, '', '2016-04-08 14:57:44', '2016-04-08 14:57:44'),
(1455, 47, 13, '20', '2016-04-08 14:57:44', '2016-04-08 14:57:44'),
(1454, 47, 3, '22', '2016-04-08 14:57:44', '2016-04-08 14:57:44'),
(3929, 49, NULL, '', '2016-10-14 09:42:11', '2016-10-14 09:42:11'),
(3928, 49, NULL, '', '2016-10-14 09:42:11', '2016-10-14 09:42:11'),
(3913, 50, NULL, '', '2016-10-14 09:41:07', '2016-10-14 09:41:07'),
(3912, 50, NULL, '', '2016-10-14 09:41:07', '2016-10-14 09:41:07'),
(3921, 51, NULL, '', '2016-10-14 09:41:52', '2016-10-14 09:41:52'),
(3920, 51, NULL, '', '2016-10-14 09:41:52', '2016-10-14 09:41:52'),
(3808, 52, NULL, '', '2016-10-13 12:17:17', '2016-10-13 12:17:17'),
(3807, 52, 19, '50', '2016-10-13 12:17:17', '2016-10-13 12:17:17'),
(2360, 53, NULL, '', '2016-04-11 11:53:12', '2016-04-11 11:53:12'),
(2359, 53, NULL, '', '2016-04-11 11:53:12', '2016-04-11 11:53:12'),
(3001, 54, NULL, '', '2016-05-28 13:44:24', '2016-05-28 13:44:24'),
(3000, 54, NULL, '', '2016-05-28 13:44:24', '2016-05-28 13:44:24'),
(2368, 55, NULL, '', '2016-04-11 11:53:44', '2016-04-11 11:53:44'),
(2376, 56, NULL, '', '2016-04-11 11:53:58', '2016-04-11 11:53:58'),
(3240, 57, NULL, '', '2016-05-30 13:56:15', '2016-05-30 13:56:15'),
(3238, 57, 17, '25', '2016-05-30 13:56:15', '2016-05-30 13:56:15'),
(3849, 42, NULL, '', '2016-10-13 12:20:53', '2016-10-13 12:20:53'),
(3848, 42, NULL, '', '2016-10-13 12:20:53', '2016-10-13 12:20:53'),
(3647, 41, 10, '55', '2016-10-12 14:27:52', '2016-10-12 14:27:52'),
(2297, 59, NULL, '', '2016-04-11 11:49:10', '2016-04-11 11:49:10'),
(2296, 59, NULL, '', '2016-04-11 11:49:10', '2016-04-11 11:49:10'),
(2295, 59, 14, '9', '2016-04-11 11:49:10', '2016-04-11 11:49:10'),
(2294, 59, 13, '9', '2016-04-11 11:49:10', '2016-04-11 11:49:10'),
(3856, 61, NULL, '', '2016-10-13 12:21:38', '2016-10-13 12:21:38'),
(2665, 62, NULL, '', '2016-04-14 15:55:51', '2016-04-14 15:55:51'),
(2664, 62, NULL, '', '2016-04-14 15:55:51', '2016-04-14 15:55:51'),
(2471, 63, NULL, '', '2016-04-12 11:17:04', '2016-04-12 11:17:04'),
(2470, 63, 17, '83', '2016-04-12 11:17:04', '2016-04-12 11:17:04'),
(3247, 64, NULL, '', '2016-05-31 10:35:00', '2016-05-31 10:35:00'),
(3246, 64, NULL, '', '2016-05-31 10:35:00', '2016-05-31 10:35:00'),
(2561, 65, NULL, '', '2016-04-13 09:00:23', '2016-04-13 09:00:23'),
(2560, 65, NULL, '', '2016-04-13 09:00:23', '2016-04-13 09:00:23'),
(2559, 65, 16, '8', '2016-04-13 09:00:23', '2016-04-13 09:00:23'),
(2558, 65, 10, '8', '2016-04-13 09:00:23', '2016-04-13 09:00:23'),
(3584, 66, NULL, '', '2016-08-30 16:15:13', '2016-08-30 16:15:13'),
(3582, 66, 13, '40', '2016-08-30 16:15:13', '2016-08-30 16:15:13'),
(3576, 67, NULL, '', '2016-08-30 16:14:57', '2016-08-30 16:14:57'),
(3575, 67, NULL, '', '2016-08-30 16:14:57', '2016-08-30 16:14:57'),
(2848, 68, NULL, '', '2016-05-28 13:13:41', '2016-05-28 13:13:41'),
(2192, 69, NULL, '', '2016-04-11 11:43:18', '2016-04-11 11:43:18'),
(2191, 69, NULL, '', '2016-04-11 11:43:18', '2016-04-11 11:43:18'),
(2201, 70, NULL, '', '2016-04-11 11:43:57', '2016-04-11 11:43:57'),
(2200, 70, NULL, '', '2016-04-11 11:43:57', '2016-04-11 11:43:57'),
(2199, 70, 2, '52', '2016-04-11 11:43:57', '2016-04-11 11:43:57'),
(2198, 70, 11, '35', '2016-04-11 11:43:57', '2016-04-11 11:43:57'),
(2641, 71, NULL, '', '2016-04-13 09:33:26', '2016-04-13 09:33:26'),
(2640, 71, NULL, '', '2016-04-13 09:33:26', '2016-04-13 09:33:26'),
(2638, 71, 10, '20', '2016-04-13 09:33:26', '2016-04-13 09:33:26'),
(3817, 72, NULL, '', '2016-10-13 12:18:00', '2016-10-13 12:18:00'),
(3233, 73, NULL, '', '2016-05-28 14:48:52', '2016-05-28 14:48:52'),
(3232, 73, NULL, '', '2016-05-28 14:48:52', '2016-05-28 14:48:52'),
(3231, 73, 7, '45', '2016-05-28 14:48:52', '2016-05-28 14:48:52'),
(3230, 73, 11, '40', '2016-05-28 14:48:52', '2016-05-28 14:48:52'),
(3225, 81, NULL, '', '2016-05-28 14:48:38', '2016-05-28 14:48:38'),
(3161, 75, NULL, '', '2016-05-28 13:55:23', '2016-05-28 13:55:23'),
(3201, 74, NULL, '', '2016-05-28 13:56:51', '2016-05-28 13:56:51'),
(3160, 75, NULL, '', '2016-05-28 13:55:23', '2016-05-28 13:55:23'),
(3159, 75, NULL, '', '2016-05-28 13:55:23', '2016-05-28 13:55:23'),
(3158, 75, NULL, '', '2016-05-28 13:55:23', '2016-05-28 13:55:23'),
(3208, 76, NULL, '', '2016-05-28 13:57:39', '2016-05-28 13:57:39'),
(3207, 76, NULL, '', '2016-05-28 13:57:39', '2016-05-28 13:57:39'),
(3205, 76, NULL, '', '2016-05-28 13:57:39', '2016-05-28 13:57:39'),
(3241, 57, NULL, '', '2016-05-30 13:56:15', '2016-05-30 13:56:15'),
(3216, 77, NULL, '', '2016-05-28 13:58:55', '2016-05-28 13:58:55'),
(1865, 78, NULL, '', '2016-04-11 10:54:20', '2016-04-11 10:54:20'),
(1864, 78, NULL, '', '2016-04-11 10:54:20', '2016-04-11 10:54:20'),
(3825, 79, NULL, '', '2016-10-13 12:18:39', '2016-10-13 12:18:39'),
(3824, 79, NULL, '', '2016-10-13 12:18:39', '2016-10-13 12:18:39'),
(3823, 79, 3, '5', '2016-10-13 12:18:39', '2016-10-13 12:18:39'),
(3822, 79, 13, '28', '2016-10-13 12:18:39', '2016-10-13 12:18:39'),
(1857, 80, NULL, '', '2016-04-11 10:53:59', '2016-04-11 10:53:59'),
(1856, 80, NULL, '', '2016-04-11 10:53:59', '2016-04-11 10:53:59'),
(1855, 80, 2, '40', '2016-04-11 10:53:59', '2016-04-11 10:53:59'),
(1854, 80, 13, '30', '2016-04-11 10:53:59', '2016-04-11 10:53:59'),
(4056, 9, NULL, '', '2017-05-19 19:00:46', '2017-05-19 19:00:46'),
(4055, 9, 7, '100', '2017-05-19 19:00:46', '2017-05-19 19:00:46'),
(4054, 9, NULL, '', '2017-05-19 19:00:46', '2017-05-19 19:00:46'),
(4053, 9, NULL, '', '2017-05-19 19:00:46', '2017-05-19 19:00:46'),
(4052, 9, NULL, '', '2017-05-19 19:00:46', '2017-05-19 19:00:46'),
(4051, 9, NULL, '', '2017-05-19 19:00:46', '2017-05-19 19:00:46'),
(4039, 4, NULL, '', '2017-05-19 18:59:57', '2017-05-19 18:59:57'),
(4038, 4, NULL, '', '2017-05-19 18:59:57', '2017-05-19 18:59:57'),
(4037, 4, 2, '60', '2017-05-19 18:59:57', '2017-05-19 18:59:57'),
(4071, 6, 7, '45', '2017-05-19 19:01:41', '2017-05-19 19:01:41'),
(4070, 6, 2, '55', '2017-05-19 19:01:41', '2017-05-19 19:01:41'),
(4069, 6, NULL, '', '2017-05-19 19:01:41', '2017-05-19 19:01:41'),
(4036, 4, 3, '40', '2017-05-19 18:59:57', '2017-05-19 18:59:57'),
(4035, 4, NULL, '', '2017-05-19 18:59:57', '2017-05-19 18:59:57'),
(4048, 5, NULL, '', '2017-05-19 19:00:21', '2017-05-19 19:00:21'),
(4047, 5, NULL, '', '2017-05-19 19:00:21', '2017-05-19 19:00:21'),
(4046, 5, NULL, '', '2017-05-19 19:00:21', '2017-05-19 19:00:21'),
(4045, 5, NULL, '', '2017-05-19 19:00:21', '2017-05-19 19:00:21'),
(4044, 5, NULL, '', '2017-05-19 19:00:21', '2017-05-19 19:00:21'),
(4043, 5, NULL, '', '2017-05-19 19:00:21', '2017-05-19 19:00:21'),
(2377, 56, NULL, '', '2016-04-11 11:53:58', '2016-04-11 11:53:58'),
(2375, 56, NULL, '', '2016-04-11 11:53:58', '2016-04-11 11:53:58'),
(2374, 56, NULL, '', '2016-04-11 11:53:58', '2016-04-11 11:53:58'),
(2373, 56, NULL, '', '2016-04-11 11:53:58', '2016-04-11 11:53:58'),
(2372, 56, NULL, '', '2016-04-11 11:53:58', '2016-04-11 11:53:58'),
(2371, 56, NULL, '', '2016-04-11 11:53:58', '2016-04-11 11:53:58'),
(2999, 54, 19, '80', '2016-05-28 13:44:24', '2016-05-28 13:44:24'),
(2998, 54, 18, '10', '2016-05-28 13:44:24', '2016-05-28 13:44:24'),
(2996, 54, 6, '10', '2016-05-28 13:44:24', '2016-05-28 13:44:24'),
(4024, 2, NULL, '', '2017-05-19 18:59:10', '2017-05-19 18:59:10'),
(4023, 2, NULL, '', '2017-05-19 18:59:10', '2017-05-19 18:59:10'),
(4022, 2, NULL, '', '2017-05-19 18:59:10', '2017-05-19 18:59:10'),
(4021, 2, NULL, '', '2017-05-19 18:59:10', '2017-05-19 18:59:10'),
(4020, 2, NULL, '', '2017-05-19 18:59:10', '2017-05-19 18:59:10'),
(4019, 2, NULL, '', '2017-05-19 18:59:10', '2017-05-19 18:59:10'),
(3239, 57, 2, '70', '2016-05-30 13:56:15', '2016-05-30 13:56:15'),
(3237, 57, NULL, '', '2016-05-30 13:56:15', '2016-05-30 13:56:15'),
(4031, 3, NULL, '', '2017-05-19 18:59:34', '2017-05-19 18:59:34'),
(4030, 3, NULL, '', '2017-05-19 18:59:34', '2017-05-19 18:59:34'),
(3200, 74, NULL, '', '2016-05-28 13:56:51', '2016-05-28 13:56:51'),
(2151, 34, 2, '55', '2016-04-11 11:39:20', '2016-04-11 11:39:20'),
(2150, 34, 13, '25', '2016-04-11 11:39:20', '2016-04-11 11:39:20'),
(2148, 34, 12, '20', '2016-04-11 11:39:20', '2016-04-11 11:39:20'),
(2967, 44, NULL, '', '2016-05-28 13:38:59', '2016-05-28 13:38:59'),
(2965, 44, 13, '30', '2016-05-28 13:38:59', '2016-05-28 13:38:59'),
(3766, 45, 12, '15', '2016-10-13 12:12:00', '2016-10-13 12:12:00'),
(3765, 45, 13, '30', '2016-10-13 12:12:00', '2016-10-13 12:12:00'),
(4068, 6, NULL, '', '2017-05-19 19:01:41', '2017-05-19 19:01:41'),
(3629, 11, NULL, '', '2016-10-12 14:24:54', '2016-10-12 14:24:54'),
(3628, 11, 17, '2', '2016-10-12 14:24:54', '2016-10-12 14:24:54'),
(2719, 12, NULL, '', '2016-05-28 12:44:14', '2016-05-28 12:44:14'),
(2717, 12, NULL, '', '2016-05-28 12:44:14', '2016-05-28 12:44:14'),
(2716, 12, 17, '2', '2016-05-28 12:44:14', '2016-05-28 12:44:14'),
(2715, 12, 2, '48', '2016-05-28 12:44:14', '2016-05-28 12:44:14'),
(3862, 13, 2, '40', '2016-10-13 12:23:30', '2016-10-13 12:23:30'),
(3861, 13, NULL, '', '2016-10-13 12:23:30', '2016-10-13 12:23:30'),
(3733, 21, 2, '30', '2016-10-13 12:09:14', '2016-10-13 12:09:14'),
(3732, 21, 9, '30', '2016-10-13 12:09:14', '2016-10-13 12:09:14'),
(3731, 21, NULL, '', '2016-10-13 12:09:14', '2016-10-13 12:09:14'),
(3730, 21, NULL, '', '2016-10-13 12:09:14', '2016-10-13 12:09:14'),
(2149, 34, NULL, '', '2016-04-11 11:39:20', '2016-04-11 11:39:20'),
(2147, 34, NULL, '', '2016-04-11 11:39:20', '2016-04-11 11:39:20'),
(2146, 34, NULL, '', '2016-04-11 11:39:20', '2016-04-11 11:39:20'),
(2207, 37, 2, '55', '2016-04-11 11:44:46', '2016-04-11 11:44:46'),
(2206, 37, 13, '30', '2016-04-11 11:44:46', '2016-04-11 11:44:46'),
(2204, 37, 19, '15', '2016-04-11 11:44:46', '2016-04-11 11:44:46'),
(2518, 26, NULL, '', '2016-04-12 16:05:55', '2016-04-12 16:05:55'),
(2517, 26, NULL, '', '2016-04-12 16:05:55', '2016-04-12 16:05:55'),
(2516, 26, 2, '53', '2016-04-12 16:05:55', '2016-04-12 16:05:55'),
(3764, 45, 2, '55', '2016-10-13 12:12:00', '2016-10-13 12:12:00'),
(3763, 45, NULL, '', '2016-10-13 12:12:00', '2016-10-13 12:12:00'),
(3762, 45, NULL, '', '2016-10-13 12:12:00', '2016-10-13 12:12:00'),
(1453, 47, 2, '30', '2016-04-08 14:57:44', '2016-04-08 14:57:44'),
(1452, 47, 19, '28', '2016-04-08 14:57:44', '2016-04-08 14:57:44'),
(2480, 48, 26, '2', '2016-04-12 11:18:47', '2016-04-12 11:18:47'),
(3236, 57, 19, '5', '2016-05-30 13:56:15', '2016-05-30 13:56:15'),
(3235, 57, NULL, '', '2016-05-30 13:56:15', '2016-05-30 13:56:15'),
(3234, 57, NULL, '', '2016-05-30 13:56:15', '2016-05-30 13:56:15'),
(2479, 48, 2, '25', '2016-04-12 11:18:47', '2016-04-12 11:18:47'),
(2478, 48, 3, '20', '2016-04-12 11:18:47', '2016-04-12 11:18:47'),
(1451, 47, NULL, '', '2016-04-08 14:57:44', '2016-04-08 14:57:44'),
(1450, 47, NULL, '', '2016-04-08 14:57:44', '2016-04-08 14:57:44'),
(2477, 48, 19, '36', '2016-04-12 11:18:47', '2016-04-12 11:18:47'),
(2663, 62, 19, '40', '2016-04-14 15:55:51', '2016-04-14 15:55:51'),
(2662, 62, 2, '60', '2016-04-14 15:55:51', '2016-04-14 15:55:51'),
(2661, 62, NULL, '', '2016-04-14 15:55:51', '2016-04-14 15:55:51'),
(2660, 62, NULL, '', '2016-04-14 15:55:51', '2016-04-14 15:55:51'),
(3583, 66, 2, '50', '2016-08-30 16:15:13', '2016-08-30 16:15:13'),
(3581, 66, NULL, '', '2016-08-30 16:15:13', '2016-08-30 16:15:13'),
(3943, 14, NULL, '', '2016-10-14 09:43:49', '2016-10-14 09:43:49'),
(3941, 14, NULL, '', '2016-10-14 09:43:49', '2016-10-14 09:43:49'),
(3940, 14, 13, '30', '2016-10-14 09:43:49', '2016-10-14 09:43:49'),
(3903, 15, NULL, '', '2016-10-14 09:40:35', '2016-10-14 09:40:35'),
(3901, 15, 13, '30', '2016-10-14 09:40:35', '2016-10-14 09:40:35'),
(3935, 16, 9, '55', '2016-10-14 09:42:39', '2016-10-14 09:42:39'),
(3933, 16, NULL, '', '2016-10-14 09:42:39', '2016-10-14 09:42:39'),
(3574, 67, 14, '10', '2016-08-30 16:14:57', '2016-08-30 16:14:57'),
(3572, 67, 2, '50', '2016-08-30 16:14:57', '2016-08-30 16:14:57'),
(2190, 69, NULL, '', '2016-04-11 11:43:18', '2016-04-11 11:43:18'),
(2189, 69, NULL, '', '2016-04-11 11:43:18', '2016-04-11 11:43:18'),
(2188, 69, 2, '60', '2016-04-11 11:43:18', '2016-04-11 11:43:18'),
(2187, 69, 11, '40', '2016-04-11 11:43:18', '2016-04-11 11:43:18'),
(2197, 70, 14, '8', '2016-04-11 11:43:57', '2016-04-11 11:43:57'),
(2196, 70, 13, '5', '2016-04-11 11:43:57', '2016-04-11 11:43:57'),
(2195, 70, NULL, '', '2016-04-11 11:43:57', '2016-04-11 11:43:57'),
(2194, 70, NULL, '', '2016-04-11 11:43:57', '2016-04-11 11:43:57'),
(3229, 73, 13, '10', '2016-05-28 14:48:52', '2016-05-28 14:48:52'),
(3228, 73, 2, '5', '2016-05-28 14:48:52', '2016-05-28 14:48:52'),
(3227, 73, NULL, '', '2016-05-28 14:48:52', '2016-05-28 14:48:52'),
(3226, 73, NULL, '', '2016-05-28 14:48:52', '2016-05-28 14:48:52'),
(3821, 79, 2, '31', '2016-10-13 12:18:39', '2016-10-13 12:18:39'),
(3820, 79, 19, '36', '2016-10-13 12:18:39', '2016-10-13 12:18:39'),
(1853, 80, 17, '15', '2016-04-11 10:53:59', '2016-04-11 10:53:59'),
(1852, 80, 19, '15', '2016-04-11 10:53:59', '2016-04-11 10:53:59'),
(1851, 80, NULL, '', '2016-04-11 10:53:59', '2016-04-11 10:53:59'),
(1850, 80, NULL, '', '2016-04-11 10:53:59', '2016-04-11 10:53:59'),
(4042, 5, 19, '100', '2017-05-19 19:00:21', '2017-05-19 19:00:21'),
(3900, 15, 9, '55', '2016-10-14 09:40:35', '2016-10-14 09:40:35'),
(3899, 15, NULL, '', '2016-10-14 09:40:35', '2016-10-14 09:40:35'),
(3934, 16, 19, '15', '2016-10-14 09:42:39', '2016-10-14 09:42:39'),
(3932, 16, 13, '30', '2016-10-14 09:42:39', '2016-10-14 09:42:39'),
(2945, 30, 19, '100', '2016-05-28 13:34:04', '2016-05-28 13:34:04'),
(2944, 30, NULL, '', '2016-05-28 13:34:04', '2016-05-28 13:34:04'),
(2943, 30, NULL, '', '2016-05-28 13:34:04', '2016-05-28 13:34:04'),
(2942, 30, NULL, '', '2016-05-28 13:34:04', '2016-05-28 13:34:04'),
(2941, 30, NULL, '', '2016-05-28 13:34:04', '2016-05-28 13:34:04'),
(2940, 30, NULL, '', '2016-05-28 13:34:04', '2016-05-28 13:34:04'),
(2938, 30, NULL, '', '2016-05-28 13:34:04', '2016-05-28 13:34:04'),
(2862, 38, NULL, '', '2016-05-28 13:16:29', '2016-05-28 13:16:29'),
(2861, 38, NULL, '', '2016-05-28 13:16:29', '2016-05-28 13:16:29'),
(2860, 38, 17, '90', '2016-05-28 13:16:29', '2016-05-28 13:16:29'),
(3927, 49, NULL, '', '2016-10-14 09:42:11', '2016-10-14 09:42:11'),
(3926, 49, NULL, '', '2016-10-14 09:42:11', '2016-10-14 09:42:11'),
(3911, 50, NULL, '', '2016-10-14 09:41:07', '2016-10-14 09:41:07'),
(3910, 50, NULL, '', '2016-10-14 09:41:07', '2016-10-14 09:41:07'),
(3909, 50, 19, '66', '2016-10-14 09:41:07', '2016-10-14 09:41:07'),
(3919, 51, NULL, '', '2016-10-14 09:41:52', '2016-10-14 09:41:52'),
(3918, 51, NULL, '', '2016-10-14 09:41:52', '2016-10-14 09:41:52'),
(3917, 51, 19, '66', '2016-10-14 09:41:52', '2016-10-14 09:41:52'),
(3916, 51, 13, '34', '2016-10-14 09:41:52', '2016-10-14 09:41:52'),
(3908, 50, 13, '34', '2016-10-14 09:41:07', '2016-10-14 09:41:07'),
(3819, 79, NULL, '', '2016-10-13 12:18:39', '2016-10-13 12:18:39'),
(3818, 79, NULL, '', '2016-10-13 12:18:39', '2016-10-13 12:18:39'),
(2205, 37, NULL, '', '2016-04-11 11:44:46', '2016-04-11 11:44:46'),
(2203, 37, NULL, '', '2016-04-11 11:44:46', '2016-04-11 11:44:46'),
(2202, 37, NULL, '', '2016-04-11 11:44:46', '2016-04-11 11:44:46'),
(2370, 56, 7, '100', '2016-04-11 11:53:58', '2016-04-11 11:53:58'),
(3907, 50, NULL, '', '2016-10-14 09:41:07', '2016-10-14 09:41:07'),
(3915, 51, NULL, '', '2016-10-14 09:41:52', '2016-10-14 09:41:52'),
(3806, 52, 13, '30', '2016-10-13 12:17:17', '2016-10-13 12:17:17'),
(3805, 52, NULL, '', '2016-10-13 12:17:17', '2016-10-13 12:17:17'),
(3804, 52, 27, '20', '2016-10-13 12:17:17', '2016-10-13 12:17:17'),
(3803, 52, NULL, '', '2016-10-13 12:17:17', '2016-10-13 12:17:17'),
(2997, 54, NULL, '', '2016-05-28 13:44:24', '2016-05-28 13:44:24'),
(2995, 54, NULL, '', '2016-05-28 13:44:24', '2016-05-28 13:44:24'),
(2994, 54, NULL, '', '2016-05-28 13:44:24', '2016-05-28 13:44:24'),
(2293, 59, 19, '36', '2016-04-11 11:49:10', '2016-04-11 11:49:10'),
(2292, 59, 18, '46', '2016-04-11 11:49:10', '2016-04-11 11:49:10'),
(3816, 72, NULL, '', '2016-10-13 12:18:00', '2016-10-13 12:18:00'),
(3815, 72, NULL, '', '2016-10-13 12:18:00', '2016-10-13 12:18:00'),
(3814, 72, NULL, '', '2016-10-13 12:18:00', '2016-10-13 12:18:00'),
(3813, 72, NULL, '', '2016-10-13 12:18:00', '2016-10-13 12:18:00'),
(3812, 72, NULL, '', '2016-10-13 12:18:00', '2016-10-13 12:18:00'),
(3811, 72, NULL, '', '2016-10-13 12:18:00', '2016-10-13 12:18:00'),
(3199, 74, NULL, '', '2016-05-28 13:56:51', '2016-05-28 13:56:51'),
(3198, 74, NULL, '', '2016-05-28 13:56:51', '2016-05-28 13:56:51'),
(3197, 74, NULL, '', '2016-05-28 13:56:51', '2016-05-28 13:56:51'),
(3157, 75, NULL, '', '2016-05-28 13:55:23', '2016-05-28 13:55:23'),
(3156, 75, 13, '15', '2016-05-28 13:55:23', '2016-05-28 13:55:23'),
(3196, 74, 13, '15', '2016-05-28 13:56:51', '2016-05-28 13:56:51'),
(4078, 7, 7, '75', '2017-05-19 19:02:01', '2017-05-19 19:02:01'),
(4077, 7, NULL, '', '2017-05-19 19:02:01', '2017-05-19 19:02:01'),
(4086, 8, 2, '50', '2017-05-19 19:02:31', '2017-05-19 19:02:31'),
(4085, 8, NULL, '', '2017-05-19 19:02:31', '2017-05-19 19:02:31'),
(4062, 10, NULL, '', '2017-05-19 19:01:15', '2017-05-19 19:01:15'),
(4061, 10, NULL, '', '2017-05-19 19:01:15', '2017-05-19 19:01:15'),
(4060, 10, 7, '85', '2017-05-19 19:01:15', '2017-05-19 19:01:15'),
(3638, 17, 13, '25', '2016-10-12 14:27:11', '2016-10-12 14:27:11'),
(3637, 17, 7, '34', '2016-10-12 14:27:11', '2016-10-12 14:27:11'),
(2657, 24, NULL, '', '2016-04-14 15:54:42', '2016-04-14 15:54:42'),
(2655, 24, NULL, '', '2016-04-14 15:54:42', '2016-04-14 15:54:42'),
(2654, 24, NULL, '', '2016-04-14 15:54:42', '2016-04-14 15:54:42'),
(2653, 24, NULL, '', '2016-04-14 15:54:42', '2016-04-14 15:54:42'),
(2652, 24, NULL, '', '2016-04-14 15:54:42', '2016-04-14 15:54:42'),
(2651, 24, NULL, '', '2016-04-14 15:54:42', '2016-04-14 15:54:42'),
(2713, 31, NULL, '', '2016-05-20 11:33:11', '2016-05-20 11:33:11'),
(2711, 31, NULL, '', '2016-05-20 11:33:11', '2016-05-20 11:33:11'),
(2710, 31, NULL, '', '2016-05-20 11:33:11', '2016-05-20 11:33:11'),
(2709, 31, NULL, '', '2016-05-20 11:33:11', '2016-05-20 11:33:11'),
(2708, 31, NULL, '', '2016-05-20 11:33:11', '2016-05-20 11:33:11'),
(2707, 31, NULL, '', '2016-05-20 11:33:11', '2016-05-20 11:33:11'),
(2647, 32, NULL, '', '2016-04-13 17:37:21', '2016-04-13 17:37:21'),
(2645, 32, 7, '33', '2016-04-13 17:37:21', '2016-04-13 17:37:21'),
(3646, 41, NULL, '', '2016-10-12 14:27:52', '2016-10-12 14:27:52'),
(3645, 41, NULL, '', '2016-10-12 14:27:52', '2016-10-12 14:27:52'),
(3644, 41, NULL, '', '2016-10-12 14:27:52', '2016-10-12 14:27:52'),
(2358, 53, NULL, '', '2016-04-11 11:53:12', '2016-04-11 11:53:12'),
(2357, 53, NULL, '', '2016-04-11 11:53:12', '2016-04-11 11:53:12'),
(2356, 53, 8, '55', '2016-04-11 11:53:12', '2016-04-11 11:53:12'),
(2355, 53, 7, '45', '2016-04-11 11:53:12', '2016-04-11 11:53:12'),
(2369, 55, NULL, '', '2016-04-11 11:53:44', '2016-04-11 11:53:44'),
(2367, 55, NULL, '', '2016-04-11 11:53:44', '2016-04-11 11:53:44'),
(2366, 55, NULL, '', '2016-04-11 11:53:44', '2016-04-11 11:53:44'),
(2365, 55, NULL, '', '2016-04-11 11:53:44', '2016-04-11 11:53:44'),
(2364, 55, NULL, '', '2016-04-11 11:53:44', '2016-04-11 11:53:44'),
(2363, 55, NULL, '', '2016-04-11 11:53:44', '2016-04-11 11:53:44'),
(2557, 65, 7, '37', '2016-04-13 09:00:23', '2016-04-13 09:00:23'),
(2556, 65, 17, '47', '2016-04-13 09:00:23', '2016-04-13 09:00:23'),
(2849, 68, NULL, '', '2016-05-28 13:13:41', '2016-05-28 13:13:41'),
(2847, 68, NULL, '', '2016-05-28 13:13:41', '2016-05-28 13:13:41'),
(2846, 68, NULL, '', '2016-05-28 13:13:41', '2016-05-28 13:13:41'),
(2845, 68, NULL, '', '2016-05-28 13:13:41', '2016-05-28 13:13:41'),
(2844, 68, NULL, '', '2016-05-28 13:13:41', '2016-05-28 13:13:41'),
(2843, 68, NULL, '', '2016-05-28 13:13:41', '2016-05-28 13:13:41'),
(2639, 71, NULL, '', '2016-04-13 09:33:26', '2016-04-13 09:33:26'),
(2637, 71, 13, '25', '2016-04-13 09:33:26', '2016-04-13 09:33:26'),
(1863, 78, 13, '22', '2016-04-11 10:54:20', '2016-04-11 10:54:20'),
(1862, 78, 14, '78', '2016-04-11 10:54:20', '2016-04-11 10:54:20'),
(1861, 78, NULL, '', '2016-04-11 10:54:20', '2016-04-11 10:54:20'),
(1860, 78, NULL, '', '2016-04-11 10:54:20', '2016-04-11 10:54:20'),
(2873, 60, 14, '100', '2016-05-28 13:17:15', '2016-05-28 13:17:15'),
(2872, 60, NULL, '', '2016-05-28 13:17:15', '2016-05-28 13:17:15'),
(2871, 60, NULL, '', '2016-05-28 13:17:15', '2016-05-28 13:17:15'),
(2870, 60, NULL, '', '2016-05-28 13:17:15', '2016-05-28 13:17:15'),
(2869, 60, NULL, '', '2016-05-28 13:17:15', '2016-05-28 13:17:15'),
(2868, 60, NULL, '', '2016-05-28 13:17:15', '2016-05-28 13:17:15'),
(2866, 60, NULL, '', '2016-05-28 13:17:14', '2016-05-28 13:17:14'),
(2511, 35, 14, '46', '2016-04-12 16:02:07', '2016-04-12 16:02:07'),
(2510, 35, 13, '54', '2016-04-12 16:02:07', '2016-04-12 16:02:07'),
(2509, 35, NULL, '', '2016-04-12 16:02:07', '2016-04-12 16:02:07'),
(2508, 35, NULL, '', '2016-04-12 16:02:07', '2016-04-12 16:02:07'),
(2503, 36, 14, '38', '2016-04-12 13:44:03', '2016-04-12 13:44:03'),
(2502, 36, 13, '62', '2016-04-12 13:44:03', '2016-04-12 13:44:03'),
(2501, 36, NULL, '', '2016-04-12 13:44:03', '2016-04-12 13:44:03'),
(2500, 36, NULL, '', '2016-04-12 13:44:03', '2016-04-12 13:44:03'),
(2469, 63, 14, '17', '2016-04-12 11:17:04', '2016-04-12 11:17:04'),
(2468, 63, NULL, '', '2016-04-12 11:17:04', '2016-04-12 11:17:04'),
(2467, 63, NULL, '', '2016-04-12 11:17:04', '2016-04-12 11:17:04'),
(2466, 63, NULL, '', '2016-04-12 11:17:04', '2016-04-12 11:17:04'),
(3847, 42, NULL, '', '2016-10-13 12:20:53', '2016-10-13 12:20:53'),
(3846, 42, NULL, '', '2016-10-13 12:20:53', '2016-10-13 12:20:53'),
(3845, 42, NULL, '', '2016-10-13 12:20:53', '2016-10-13 12:20:53'),
(3844, 42, 14, '100', '2016-10-13 12:20:53', '2016-10-13 12:20:53'),
(2499, 36, NULL, '', '2016-04-12 13:44:03', '2016-04-12 13:44:03'),
(2507, 35, NULL, '', '2016-04-12 16:02:07', '2016-04-12 16:02:07'),
(2867, 60, NULL, '', '2016-05-28 13:17:15', '2016-05-28 13:17:15'),
(1859, 78, NULL, '', '2016-04-11 10:54:20', '2016-04-11 10:54:20'),
(2636, 71, 17, '55', '2016-04-13 09:33:26', '2016-04-13 09:33:26'),
(2635, 71, NULL, '', '2016-04-13 09:33:26', '2016-04-13 09:33:26'),
(2634, 71, NULL, '', '2016-04-13 09:33:26', '2016-04-13 09:33:26'),
(4018, 2, 10, '100', '2017-05-19 18:59:10', '2017-05-19 18:59:10'),
(2555, 65, NULL, '', '2016-04-13 09:00:23', '2016-04-13 09:00:23'),
(2554, 65, NULL, '', '2016-04-13 09:00:23', '2016-04-13 09:00:23'),
(2362, 55, 7, '100', '2016-04-11 11:53:44', '2016-04-11 11:53:44'),
(2354, 53, NULL, '', '2016-04-11 11:53:12', '2016-04-11 11:53:12'),
(3643, 41, NULL, '', '2016-10-12 14:27:52', '2016-10-12 14:27:52'),
(2644, 32, 17, '50', '2016-04-13 17:37:21', '2016-04-13 17:37:21'),
(2643, 32, NULL, '', '2016-04-13 17:37:21', '2016-04-13 17:37:21'),
(2642, 32, NULL, '', '2016-04-13 17:37:21', '2016-04-13 17:37:21'),
(3636, 17, 10, '41', '2016-10-12 14:27:11', '2016-10-12 14:27:11'),
(3635, 17, NULL, '', '2016-10-12 14:27:11', '2016-10-12 14:27:11'),
(3634, 17, NULL, '', '2016-10-12 14:27:11', '2016-10-12 14:27:11'),
(4084, 8, NULL, '', '2017-05-19 19:02:31', '2017-05-19 19:02:31'),
(4083, 8, NULL, '', '2017-05-19 19:02:31', '2017-05-19 19:02:31'),
(4076, 7, NULL, '', '2017-05-19 19:02:01', '2017-05-19 19:02:01'),
(4075, 7, NULL, '', '2017-05-19 19:02:01', '2017-05-19 19:02:01'),
(3155, 75, 4, '20', '2016-05-28 13:55:23', '2016-05-28 13:55:23'),
(3154, 75, 23, '65', '2016-05-28 13:55:23', '2016-05-28 13:55:23'),
(2291, 59, NULL, '', '2016-04-11 11:49:10', '2016-04-11 11:49:10'),
(2290, 59, NULL, '', '2016-04-11 11:49:10', '2016-04-11 11:49:10'),
(3914, 51, NULL, '', '2016-10-14 09:41:52', '2016-10-14 09:41:52'),
(3906, 50, NULL, '', '2016-10-14 09:41:07', '2016-10-14 09:41:07'),
(3925, 49, NULL, '', '2016-10-14 09:42:11', '2016-10-14 09:42:11'),
(2859, 38, 19, '10', '2016-05-28 13:16:29', '2016-05-28 13:16:29'),
(2939, 30, NULL, '', '2016-05-28 13:34:04', '2016-05-28 13:34:04'),
(3939, 14, 9, '55', '2016-10-14 09:43:49', '2016-10-14 09:43:49'),
(2186, 69, NULL, '', '2016-04-11 11:43:18', '2016-04-11 11:43:18'),
(3573, 67, 13, '40', '2016-08-30 16:14:57', '2016-08-30 16:14:57'),
(3571, 67, NULL, '', '2016-08-30 16:14:57', '2016-08-30 16:14:57'),
(3570, 67, NULL, '', '2016-08-30 16:14:57', '2016-08-30 16:14:57'),
(2659, 62, NULL, '', '2016-04-14 15:55:51', '2016-04-14 15:55:51'),
(3580, 66, 14, '10', '2016-08-30 16:15:13', '2016-08-30 16:15:13'),
(3579, 66, NULL, '', '2016-08-30 16:15:13', '2016-08-30 16:15:13'),
(3578, 66, NULL, '', '2016-08-30 16:15:13', '2016-08-30 16:15:13'),
(2475, 48, NULL, '', '2016-04-12 11:18:47', '2016-04-12 11:18:47'),
(2515, 26, 13, '47', '2016-04-12 16:05:55', '2016-04-12 16:05:55'),
(3860, 13, 13, '20', '2016-10-13 12:23:30', '2016-10-13 12:23:30'),
(3859, 13, NULL, '', '2016-10-13 12:23:30', '2016-10-13 12:23:30'),
(3858, 13, NULL, '', '2016-10-13 12:23:30', '2016-10-13 12:23:30'),
(3627, 11, 2, '48', '2016-10-12 14:24:54', '2016-10-12 14:24:54'),
(2964, 44, 2, '55', '2016-05-28 13:38:59', '2016-05-28 13:38:59'),
(2963, 44, NULL, '', '2016-05-28 13:38:59', '2016-05-28 13:38:59'),
(2962, 44, NULL, '', '2016-05-28 13:38:59', '2016-05-28 13:38:59'),
(4067, 6, NULL, '', '2017-05-19 19:01:41', '2017-05-19 19:01:41'),
(4034, 4, NULL, '', '2017-05-19 18:59:57', '2017-05-19 18:59:57'),
(4029, 3, NULL, '', '2017-05-19 18:59:34', '2017-05-19 18:59:34'),
(4028, 3, NULL, '', '2017-05-19 18:59:34', '2017-05-19 18:59:34'),
(4027, 3, NULL, '', '2017-05-19 18:59:34', '2017-05-19 18:59:34'),
(4026, 3, NULL, '', '2017-05-19 18:59:34', '2017-05-19 18:59:34'),
(2083, 18, 13, '3', '2016-04-11 11:33:29', '2016-04-11 11:33:29'),
(2082, 18, NULL, '', '2016-04-11 11:33:29', '2016-04-11 11:33:29'),
(2091, 19, 14, '10', '2016-04-11 11:34:16', '2016-04-11 11:34:16'),
(2090, 19, 13, '9', '2016-04-11 11:34:16', '2016-04-11 11:34:16'),
(3591, 20, NULL, '', '2016-08-30 16:15:51', '2016-08-30 16:15:51'),
(3590, 20, NULL, '', '2016-08-30 16:15:51', '2016-08-30 16:15:51'),
(3589, 20, NULL, '', '2016-08-30 16:15:51', '2016-08-30 16:15:51'),
(3588, 20, NULL, '', '2016-08-30 16:15:51', '2016-08-30 16:15:51'),
(3587, 20, NULL, '', '2016-08-30 16:15:51', '2016-08-30 16:15:51'),
(1917, 22, 19, '35', '2016-04-11 11:18:42', '2016-04-11 11:18:42'),
(1916, 22, 17, '40', '2016-04-11 11:18:42', '2016-04-11 11:18:42'),
(2853, 23, 19, '35', '2016-05-28 13:14:17', '2016-05-28 13:14:17'),
(2852, 23, 17, '40', '2016-05-28 13:14:17', '2016-05-28 13:14:17'),
(2526, 25, 2, '53', '2016-04-12 16:08:20', '2016-04-12 16:08:20'),
(2525, 25, NULL, '', '2016-04-12 16:08:20', '2016-04-12 16:08:20'),
(2524, 25, NULL, '', '2016-04-12 16:08:20', '2016-04-12 16:08:20'),
(2534, 27, 13, '52', '2016-04-12 16:09:16', '2016-04-12 16:09:16'),
(2533, 27, NULL, '', '2016-04-12 16:09:16', '2016-04-12 16:09:16'),
(2532, 27, NULL, '', '2016-04-12 16:09:16', '2016-04-12 16:09:16'),
(2053, 28, NULL, '', '2016-04-11 11:31:56', '2016-04-11 11:31:56'),
(2052, 28, NULL, '', '2016-04-11 11:31:56', '2016-04-11 11:31:56'),
(2051, 28, 2, '60', '2016-04-11 11:31:56', '2016-04-11 11:31:56'),
(2050, 28, 13, '40', '2016-04-11 11:31:56', '2016-04-11 11:31:56'),
(2047, 29, NULL, '', '2016-04-11 11:31:37', '2016-04-11 11:31:37'),
(2046, 29, NULL, '', '2016-04-11 11:31:37', '2016-04-11 11:31:37'),
(2045, 29, NULL, '', '2016-04-11 11:31:37', '2016-04-11 11:31:37'),
(2044, 29, NULL, '', '2016-04-11 11:31:37', '2016-04-11 11:31:37'),
(2043, 29, NULL, '', '2016-04-11 11:31:37', '2016-04-11 11:31:37'),
(2042, 29, 17, '100', '2016-04-11 11:31:37', '2016-04-11 11:31:37'),
(2880, 33, 19, '100', '2016-05-28 13:21:44', '2016-05-28 13:21:44'),
(2879, 33, NULL, '', '2016-05-28 13:21:44', '2016-05-28 13:21:44'),
(2878, 33, NULL, '', '2016-05-28 13:21:44', '2016-05-28 13:21:44'),
(2877, 33, NULL, '', '2016-05-28 13:21:44', '2016-05-28 13:21:44'),
(2876, 33, NULL, '', '2016-05-28 13:21:44', '2016-05-28 13:21:44'),
(2875, 33, NULL, '', '2016-05-28 13:21:44', '2016-05-28 13:21:44'),
(2029, 39, NULL, '', '2016-04-11 11:30:55', '2016-04-11 11:30:55'),
(2028, 39, NULL, '', '2016-04-11 11:30:55', '2016-04-11 11:30:55'),
(2027, 39, 17, '77', '2016-04-11 11:30:55', '2016-04-11 11:30:55'),
(2026, 39, 13, '23', '2016-04-11 11:30:55', '2016-04-11 11:30:55'),
(3598, 40, NULL, '', '2016-08-30 16:16:24', '2016-08-30 16:16:24'),
(3597, 40, NULL, '', '2016-08-30 16:16:24', '2016-08-30 16:16:24'),
(3596, 40, NULL, '', '2016-08-30 16:16:24', '2016-08-30 16:16:24'),
(3595, 40, 2, '55', '2016-08-30 16:16:24', '2016-08-30 16:16:24'),
(2957, 43, 14, '22', '2016-05-28 13:37:00', '2016-05-28 13:37:00'),
(2956, 43, 10, '8', '2016-05-28 13:37:00', '2016-05-28 13:37:00'),
(3855, 61, NULL, '', '2016-10-13 12:21:38', '2016-10-13 12:21:38'),
(3854, 61, NULL, '', '2016-10-13 12:21:38', '2016-10-13 12:21:38'),
(3853, 61, NULL, '', '2016-10-13 12:21:38', '2016-10-13 12:21:38'),
(3852, 61, NULL, '', '2016-10-13 12:21:38', '2016-10-13 12:21:38'),
(3851, 61, NULL, '', '2016-10-13 12:21:38', '2016-10-13 12:21:38'),
(3245, 64, NULL, '', '2016-05-31 10:35:00', '2016-05-31 10:35:00'),
(3244, 64, NULL, '', '2016-05-31 10:35:00', '2016-05-31 10:35:00'),
(3243, 64, 17, '70', '2016-05-31 10:35:00', '2016-05-31 10:35:00'),
(3206, 76, NULL, '', '2016-05-28 13:57:39', '2016-05-28 13:57:39'),
(3204, 76, 13, '15', '2016-05-28 13:57:39', '2016-05-28 13:57:39'),
(3217, 77, NULL, '', '2016-05-28 13:58:55', '2016-05-28 13:58:55'),
(3212, 77, 4, '15', '2016-05-28 13:58:55', '2016-05-28 13:58:55'),
(4050, 9, NULL, '', '2017-05-19 19:00:46', '2017-05-19 19:00:46'),
(2851, 23, NULL, '', '2016-05-28 13:14:17', '2016-05-28 13:14:17'),
(2850, 23, NULL, '', '2016-05-28 13:14:17', '2016-05-28 13:14:17'),
(2476, 48, 13, '17', '2016-04-12 11:18:47', '2016-04-12 11:18:47'),
(2474, 48, NULL, '', '2016-04-12 11:18:47', '2016-04-12 11:18:47'),
(1915, 22, NULL, '', '2016-04-11 11:18:42', '2016-04-11 11:18:42'),
(1914, 22, NULL, '', '2016-04-11 11:18:42', '2016-04-11 11:18:42'),
(3203, 76, 4, '20', '2016-05-28 13:57:39', '2016-05-28 13:57:39'),
(3202, 76, 23, '65', '2016-05-28 13:57:39', '2016-05-28 13:57:39'),
(3215, 77, NULL, '', '2016-05-28 13:58:55', '2016-05-28 13:58:55'),
(3214, 77, 18, '5', '2016-05-28 13:58:55', '2016-05-28 13:58:55'),
(3810, 72, 19, '100', '2016-10-13 12:18:00', '2016-10-13 12:18:00'),
(1858, 78, NULL, '', '2016-04-11 10:54:20', '2016-04-11 10:54:20'),
(3213, 77, 13, '12', '2016-05-28 13:58:55', '2016-05-28 13:58:55'),
(3242, 64, 2, '30', '2016-05-31 10:35:00', '2016-05-31 10:35:00'),
(3850, 61, 14, '100', '2016-10-13 12:21:38', '2016-10-13 12:21:38'),
(2955, 43, NULL, '', '2016-05-28 13:37:00', '2016-05-28 13:37:00'),
(2954, 43, NULL, '', '2016-05-28 13:37:00', '2016-05-28 13:37:00'),
(3594, 40, 13, '45', '2016-08-30 16:16:24', '2016-08-30 16:16:24'),
(2032, 39, NULL, '', '2016-04-11 11:30:55', '2016-04-11 11:30:55'),
(2033, 39, NULL, '', '2016-04-11 11:30:55', '2016-04-11 11:30:55'),
(2874, 33, NULL, '', '2016-05-28 13:21:44', '2016-05-28 13:21:44'),
(2049, 29, NULL, '', '2016-04-11 11:31:37', '2016-04-11 11:31:37'),
(2056, 28, NULL, '', '2016-04-11 11:31:56', '2016-04-11 11:31:56'),
(2057, 28, NULL, '', '2016-04-11 11:31:56', '2016-04-11 11:31:56'),
(2531, 27, NULL, '', '2016-04-12 16:09:16', '2016-04-12 16:09:16'),
(2530, 27, NULL, '', '2016-04-12 16:09:16', '2016-04-12 16:09:16'),
(2523, 25, NULL, '', '2016-04-12 16:08:20', '2016-04-12 16:08:20'),
(2522, 25, NULL, '', '2016-04-12 16:08:20', '2016-04-12 16:08:20'),
(3586, 20, 2, '100', '2016-08-30 16:15:51', '2016-08-30 16:15:51'),
(2089, 18, NULL, '', '2016-04-11 11:33:29', '2016-04-11 11:33:29'),
(2096, 19, NULL, '', '2016-04-11 11:34:16', '2016-04-11 11:34:16'),
(2097, 19, NULL, '', '2016-04-11 11:34:16', '2016-04-11 11:34:16'),
(4065, 10, NULL, '', '2017-05-19 19:01:15', '2017-05-19 19:01:15'),
(4017, 1, NULL, '', '2017-05-19 18:58:13', '2017-05-19 18:58:13'),
(4016, 1, NULL, '', '2017-05-19 18:58:13', '2017-05-19 18:58:13'),
(4015, 1, NULL, '', '2017-05-19 18:58:13', '2017-05-19 18:58:13'),
(4014, 1, NULL, '', '2017-05-19 18:58:13', '2017-05-19 18:58:13'),
(4066, 6, NULL, '', '2017-05-19 19:01:41', '2017-05-19 19:01:41'),
(2714, 12, 7, '50', '2016-05-28 12:44:14', '2016-05-28 12:44:14'),
(2514, 26, NULL, '', '2016-04-12 16:05:55', '2016-04-12 16:05:55'),
(2193, 69, NULL, '', '2016-04-11 11:43:18', '2016-04-11 11:43:18'),
(2658, 62, NULL, '', '2016-04-14 15:55:51', '2016-04-14 15:55:51'),
(2858, 38, NULL, '', '2016-05-28 13:16:29', '2016-05-28 13:16:29'),
(3924, 49, 19, '66', '2016-10-14 09:42:11', '2016-10-14 09:42:11'),
(3802, 52, NULL, '', '2016-10-13 12:17:17', '2016-10-13 12:17:17'),
(4074, 7, NULL, '', '2017-05-19 19:02:01', '2017-05-19 19:02:01'),
(4082, 8, NULL, '', '2017-05-19 19:02:31', '2017-05-19 19:02:31'),
(4059, 10, 17, '15', '2017-05-19 19:01:15', '2017-05-19 19:01:15'),
(2650, 24, 7, '100', '2016-04-14 15:54:42', '2016-04-14 15:54:42'),
(2706, 31, 7, '100', '2016-05-20 11:33:11', '2016-05-20 11:33:11'),
(3642, 41, NULL, '', '2016-10-12 14:27:52', '2016-10-12 14:27:52'),
(2361, 53, NULL, '', '2016-04-11 11:53:12', '2016-04-11 11:53:12'),
(2842, 68, 7, '100', '2016-05-28 13:13:41', '2016-05-28 13:13:41'),
(2506, 35, NULL, '', '2016-04-12 16:02:07', '2016-04-12 16:02:07'),
(2498, 36, NULL, '', '2016-04-12 13:44:03', '2016-04-12 13:44:03'),
(3843, 42, NULL, '', '2016-10-13 12:20:53', '2016-10-13 12:20:53'),
(3842, 42, NULL, '', '2016-10-13 12:20:53', '2016-10-13 12:20:53'),
(3195, 74, 4, '20', '2016-05-28 13:56:51', '2016-05-28 13:56:51'),
(3194, 74, 23, '65', '2016-05-28 13:56:51', '2016-05-28 13:56:51'),
(2481, 48, NULL, '', '2016-04-12 11:18:47', '2016-04-12 11:18:47'),
(2521, 26, NULL, '', '2016-04-12 16:05:55', '2016-04-12 16:05:55'),
(2529, 25, NULL, '', '2016-04-12 16:08:20', '2016-04-12 16:08:20'),
(2537, 27, NULL, '', '2016-04-12 16:09:16', '2016-04-12 16:09:16'),
(4010, 1, 17, '60', '2017-05-19 18:58:13', '2017-05-19 18:58:13'),
(3211, 77, 17, '18', '2016-05-28 13:58:55', '2016-05-28 13:58:55'),
(3210, 77, 23, '50', '2016-05-28 13:58:55', '2016-05-28 13:58:55'),
(3224, 81, 13, '100', '2016-05-28 14:48:38', '2016-05-28 14:48:38'),
(3223, 81, NULL, '', '2016-05-28 14:48:38', '2016-05-28 14:48:38'),
(3222, 81, NULL, '', '2016-05-28 14:48:38', '2016-05-28 14:48:38'),
(3221, 81, NULL, '', '2016-05-28 14:48:38', '2016-05-28 14:48:38'),
(3220, 81, NULL, '', '2016-05-28 14:48:38', '2016-05-28 14:48:38'),
(3219, 81, NULL, '', '2016-05-28 14:48:38', '2016-05-28 14:48:38'),
(3218, 81, NULL, '', '2016-05-28 14:48:38', '2016-05-28 14:48:38'),
(3626, 11, 7, '50', '2016-10-12 14:24:54', '2016-10-12 14:24:54'),
(2865, 38, NULL, '', '2016-05-28 13:16:29', '2016-05-28 13:16:29'),
(2881, 33, NULL, '', '2016-05-28 13:21:44', '2016-05-28 13:21:44'),
(4058, 10, NULL, '', '2017-05-19 19:01:15', '2017-05-19 19:01:15'),
(3209, 76, NULL, '', '2016-05-28 13:57:39', '2016-05-28 13:57:39'),
(3249, 64, NULL, '', '2016-05-31 10:35:00', '2016-05-31 10:35:00'),
(3537, 87, NULL, '', '2016-08-19 14:06:35', '2016-08-19 14:06:35'),
(3585, 66, NULL, '', '2016-08-30 16:15:13', '2016-08-30 16:15:13'),
(3577, 67, NULL, '', '2016-08-30 16:14:57', '2016-08-30 16:14:57'),
(3952, 83, NULL, '', '2017-05-19 18:04:46', '2017-05-19 18:04:46'),
(3951, 83, NULL, '', '2017-05-19 18:04:46', '2017-05-19 18:04:46'),
(3950, 83, NULL, '', '2017-05-19 18:04:46', '2017-05-19 18:04:46'),
(3949, 83, NULL, '', '2017-05-19 18:04:46', '2017-05-19 18:04:46'),
(3948, 83, NULL, '', '2017-05-19 18:04:46', '2017-05-19 18:04:46'),
(3947, 83, NULL, '', '2017-05-19 18:04:46', '2017-05-19 18:04:46'),
(3561, 84, NULL, '', '2016-08-19 14:07:52', '2016-08-19 14:07:52'),
(3560, 84, NULL, '', '2016-08-19 14:07:52', '2016-08-19 14:07:52'),
(3559, 84, NULL, '', '2016-08-19 14:07:52', '2016-08-19 14:07:52'),
(3558, 84, NULL, '', '2016-08-19 14:07:52', '2016-08-19 14:07:52'),
(3557, 84, NULL, '', '2016-08-19 14:07:52', '2016-08-19 14:07:52'),
(3554, 84, 7, '100', '2016-08-19 14:07:52', '2016-08-19 14:07:52'),
(3553, 85, NULL, '', '2016-08-19 14:07:29', '2016-08-19 14:07:29'),
(3552, 85, NULL, '', '2016-08-19 14:07:29', '2016-08-19 14:07:29'),
(3551, 85, NULL, '', '2016-08-19 14:07:29', '2016-08-19 14:07:29'),
(3550, 85, NULL, '', '2016-08-19 14:07:29', '2016-08-19 14:07:29'),
(3549, 85, NULL, '', '2016-08-19 14:07:29', '2016-08-19 14:07:29'),
(3548, 85, NULL, '', '2016-08-19 14:07:29', '2016-08-19 14:07:29'),
(3545, 86, NULL, '', '2016-08-19 14:07:17', '2016-08-19 14:07:17'),
(3544, 86, NULL, '', '2016-08-19 14:07:17', '2016-08-19 14:07:17'),
(3543, 86, NULL, '', '2016-08-19 14:07:17', '2016-08-19 14:07:17'),
(3542, 86, NULL, '', '2016-08-19 14:07:17', '2016-08-19 14:07:17'),
(3541, 86, NULL, '', '2016-08-19 14:07:17', '2016-08-19 14:07:17'),
(3540, 86, NULL, '', '2016-08-19 14:07:17', '2016-08-19 14:07:17'),
(3556, 84, NULL, '', '2016-08-19 14:07:52', '2016-08-19 14:07:52'),
(3547, 85, NULL, '', '2016-08-19 14:07:29', '2016-08-19 14:07:29'),
(3539, 86, NULL, '', '2016-08-19 14:07:17', '2016-08-19 14:07:17'),
(3546, 85, 7, '100', '2016-08-19 14:07:29', '2016-08-19 14:07:29'),
(3538, 86, 7, '100', '2016-08-19 14:07:17', '2016-08-19 14:07:17'),
(3536, 87, NULL, '', '2016-08-19 14:06:35', '2016-08-19 14:06:35'),
(3535, 87, NULL, '', '2016-08-19 14:06:35', '2016-08-19 14:06:35'),
(3534, 87, NULL, '', '2016-08-19 14:06:35', '2016-08-19 14:06:35'),
(3533, 87, NULL, '', '2016-08-19 14:06:35', '2016-08-19 14:06:35'),
(3532, 87, NULL, '', '2016-08-19 14:06:35', '2016-08-19 14:06:35'),
(3531, 87, 14, '47', '2016-08-19 14:06:35', '2016-08-19 14:06:35'),
(3530, 87, 7, '53', '2016-08-19 14:06:35', '2016-08-19 14:06:35'),
(3555, 84, NULL, '', '2016-08-19 14:07:52', '2016-08-19 14:07:52'),
(3946, 83, 7, '100', '2017-05-19 18:04:46', '2017-05-19 18:04:46'),
(3593, 20, NULL, '', '2016-08-30 16:15:51', '2016-08-30 16:15:51'),
(3601, 40, NULL, '', '2016-08-30 16:16:24', '2016-08-30 16:16:24'),
(4013, 1, NULL, '', '2017-05-19 18:58:13', '2017-05-19 18:58:13'),
(3633, 11, NULL, '', '2016-10-12 14:24:54', '2016-10-12 14:24:54'),
(3641, 17, NULL, '', '2016-10-12 14:27:11', '2016-10-12 14:27:11'),
(3938, 14, NULL, '', '2016-10-14 09:43:49', '2016-10-14 09:43:49'),
(3931, 16, NULL, '', '2016-10-14 09:42:39', '2016-10-14 09:42:39'),
(3930, 16, NULL, '', '2016-10-14 09:42:39', '2016-10-14 09:42:39'),
(3898, 15, NULL, '', '2016-10-14 09:40:35', '2016-10-14 09:40:35'),
(3769, 45, NULL, '', '2016-10-13 12:12:00', '2016-10-13 12:12:00'),
(4004, 46, 19, '30', '2017-05-19 18:38:10', '2017-05-19 18:38:10'),
(3923, 49, 13, '34', '2016-10-14 09:42:11', '2016-10-14 09:42:11'),
(3809, 52, NULL, '', '2016-10-13 12:17:17', '2016-10-13 12:17:17'),
(3857, 61, NULL, '', '2016-10-13 12:21:38', '2016-10-13 12:21:38'),
(3864, 13, NULL, '', '2016-10-13 12:23:30', '2016-10-13 12:23:30'),
(3865, 13, NULL, '', '2016-10-13 12:23:30', '2016-10-13 12:23:30'),
(4003, 46, 13, '20', '2017-05-19 18:38:10', '2017-05-19 18:38:10'),
(3922, 49, NULL, '', '2016-10-14 09:42:11', '2016-10-14 09:42:11'),
(3937, 16, NULL, '', '2016-10-14 09:42:39', '2016-10-14 09:42:39'),
(3953, 83, NULL, '', '2017-05-19 18:04:46', '2017-05-19 18:04:46'),
(4012, 1, NULL, '', '2017-05-19 18:58:13', '2017-05-19 18:58:13'),
(4011, 1, 20, '40', '2017-05-19 18:58:13', '2017-05-19 18:58:13'),
(4002, 46, 4, '15', '2017-05-19 18:38:10', '2017-05-19 18:38:10'),
(4009, 46, NULL, '', '2017-05-19 18:38:10', '2017-05-19 18:38:10'),
(4081, 7, NULL, '', '2017-05-19 19:02:01', '2017-05-19 19:02:01'),
(4089, 8, NULL, '', '2017-05-19 19:02:31', '2017-05-19 19:02:31');

-- --------------------------------------------------------

--
-- テーブルの構造 `yarn_seasons`
--

CREATE TABLE IF NOT EXISTS `yarn_seasons` (
  `id` int(10) unsigned NOT NULL AUTO_INCREMENT,
  `yarn_id` int(10) unsigned NOT NULL,
  `season_id` int(10) unsigned NOT NULL,
  `created` datetime DEFAULT NULL,
  `modified` datetime DEFAULT NULL,
  PRIMARY KEY (`id`)
) ENGINE=MyISAM  DEFAULT CHARSET=utf8 AUTO_INCREMENT=570 ;

--
-- テーブルのデータのダンプ `yarn_seasons`
--

INSERT INTO `yarn_seasons` (`id`, `yarn_id`, `season_id`, `created`, `modified`) VALUES
(560, 1, 1, '2017-05-19 18:58:13', '2017-05-19 18:58:13'),
(561, 2, 1, '2017-05-19 18:59:10', '2017-05-19 18:59:10'),
(562, 3, 2, '2017-05-19 18:59:34', '2017-05-19 18:59:34'),
(563, 4, 2, '2017-05-19 18:59:57', '2017-05-19 18:59:57'),
(564, 5, 2, '2017-05-19 19:00:21', '2017-05-19 19:00:21'),
(567, 6, 1, '2017-05-19 19:01:41', '2017-05-19 19:01:41'),
(568, 7, 1, '2017-05-19 19:02:01', '2017-05-19 19:02:01'),
(569, 8, 1, '2017-05-19 19:02:31', '2017-05-19 19:02:31'),
(565, 9, 1, '2017-05-19 19:00:46', '2017-05-19 19:00:46'),
(566, 10, 1, '2017-05-19 19:01:15', '2017-05-19 19:01:15'),
(512, 11, 1, '2016-10-12 14:24:54', '2016-10-12 14:24:54'),
(397, 12, 1, '2016-05-28 12:44:14', '2016-05-28 12:44:14'),
(541, 13, 2, '2016-10-13 12:23:30', '2016-10-13 12:23:30'),
(551, 14, 2, '2016-10-14 09:43:49', '2016-10-14 09:43:49'),
(546, 15, 2, '2016-10-14 09:40:35', '2016-10-14 09:40:35'),
(550, 16, 2, '2016-10-14 09:42:39', '2016-10-14 09:42:39'),
(513, 17, 1, '2016-10-12 14:27:11', '2016-10-12 14:27:11'),
(318, 18, 2, '2016-04-11 11:33:29', '2016-04-11 11:33:29'),
(319, 19, 2, '2016-04-11 11:34:16', '2016-04-11 11:34:16'),
(507, 20, 3, '2016-08-30 16:15:51', '2016-08-30 16:15:51'),
(525, 21, 2, '2016-10-13 12:09:14', '2016-10-13 12:09:14'),
(297, 22, 2, '2016-04-11 11:18:42', '2016-04-11 11:18:42'),
(415, 23, 2, '2016-05-28 13:14:17', '2016-05-28 13:14:17'),
(389, 24, 1, '2016-04-14 15:54:42', '2016-04-14 15:54:42'),
(373, 25, 3, '2016-04-12 16:08:20', '2016-04-12 16:08:20'),
(372, 26, 3, '2016-04-12 16:05:55', '2016-04-12 16:05:55'),
(374, 27, 3, '2016-04-12 16:09:16', '2016-04-12 16:09:16'),
(314, 28, 3, '2016-04-11 11:31:56', '2016-04-11 11:31:56'),
(313, 29, 3, '2016-04-11 11:31:37', '2016-04-11 11:31:37'),
(426, 30, 2, '2016-05-28 13:34:04', '2016-05-28 13:34:04'),
(396, 31, 1, '2016-05-20 11:33:11', '2016-05-20 11:33:11'),
(388, 32, 1, '2016-04-13 17:37:21', '2016-04-13 17:37:21'),
(418, 33, 2, '2016-05-28 13:21:44', '2016-05-28 13:21:44'),
(326, 34, 2, '2016-04-11 11:39:20', '2016-04-11 11:39:20'),
(371, 35, 3, '2016-04-12 16:02:07', '2016-04-12 16:02:07'),
(370, 36, 3, '2016-04-12 13:44:03', '2016-04-12 13:44:03'),
(333, 37, 2, '2016-04-11 11:44:46', '2016-04-11 11:44:46'),
(416, 38, 3, '2016-05-28 13:16:29', '2016-05-28 13:16:29'),
(311, 39, 1, '2016-04-11 11:30:55', '2016-04-11 11:30:55'),
(508, 40, 3, '2016-08-30 16:16:24', '2016-08-30 16:16:24'),
(514, 41, 1, '2016-10-12 14:27:52', '2016-10-12 14:27:52'),
(539, 42, 3, '2016-10-13 12:20:53', '2016-10-13 12:20:53'),
(428, 43, 1, '2016-05-28 13:37:00', '2016-05-28 13:37:00'),
(429, 44, 2, '2016-05-28 13:38:59', '2016-05-28 13:38:59'),
(529, 45, 2, '2016-10-13 12:12:00', '2016-10-13 12:12:00'),
(559, 46, 2, '2017-05-19 18:38:10', '2017-05-19 18:38:10'),
(238, 47, 2, '2016-04-08 14:57:44', '2016-04-08 14:57:44'),
(367, 48, 2, '2016-04-12 11:18:47', '2016-04-12 11:18:47'),
(549, 49, 2, '2016-10-14 09:42:11', '2016-10-14 09:42:11'),
(547, 50, 2, '2016-10-14 09:41:07', '2016-10-14 09:41:07'),
(548, 51, 2, '2016-10-14 09:41:52', '2016-10-14 09:41:52'),
(534, 52, 2, '2016-10-13 12:17:17', '2016-10-13 12:17:17'),
(352, 53, 1, '2016-04-11 11:53:12', '2016-04-11 11:53:12'),
(433, 54, 2, '2016-05-28 13:44:24', '2016-05-28 13:44:24'),
(353, 55, 1, '2016-04-11 11:53:44', '2016-04-11 11:53:44'),
(354, 56, 3, '2016-04-11 11:53:58', '2016-04-11 11:53:58'),
(463, 57, 2, '2016-05-30 13:56:15', '2016-05-30 13:56:15'),
(552, 83, 3, '2017-05-19 18:04:46', '2017-05-19 18:04:46'),
(344, 59, 2, '2016-04-11 11:49:10', '2016-04-11 11:49:10'),
(417, 60, 3, '2016-05-28 13:17:15', '2016-05-28 13:17:15'),
(540, 61, 3, '2016-10-13 12:21:38', '2016-10-13 12:21:38'),
(390, 62, 2, '2016-04-14 15:55:51', '2016-04-14 15:55:51'),
(366, 63, 1, '2016-04-12 11:17:04', '2016-04-12 11:17:04'),
(464, 64, 3, '2016-05-31 10:35:00', '2016-05-31 10:35:00'),
(377, 65, 1, '2016-04-13 09:00:23', '2016-04-13 09:00:23'),
(506, 66, 3, '2016-08-30 16:15:13', '2016-08-30 16:15:13'),
(505, 67, 3, '2016-08-30 16:14:57', '2016-08-30 16:14:57'),
(414, 68, 1, '2016-05-28 13:13:41', '2016-05-28 13:13:41'),
(331, 69, 3, '2016-04-11 11:43:18', '2016-04-11 11:43:18'),
(332, 70, 3, '2016-04-11 11:43:57', '2016-04-11 11:43:57'),
(387, 71, 1, '2016-04-13 09:33:26', '2016-04-13 09:33:26'),
(535, 72, 2, '2016-10-13 12:18:00', '2016-10-13 12:18:00'),
(462, 73, 1, '2016-05-28 14:48:52', '2016-05-28 14:48:52'),
(458, 74, 2, '2016-05-28 13:56:51', '2016-05-28 13:56:51'),
(453, 75, 2, '2016-05-28 13:55:23', '2016-05-28 13:55:23'),
(459, 76, 2, '2016-05-28 13:57:39', '2016-05-28 13:57:39'),
(460, 77, 2, '2016-05-28 13:58:55', '2016-05-28 13:58:55'),
(290, 78, 2, '2016-04-11 10:54:20', '2016-04-11 10:54:20'),
(536, 79, 2, '2016-10-13 12:18:39', '2016-10-13 12:18:39'),
(289, 80, 2, '2016-04-11 10:53:59', '2016-04-11 10:53:59'),
(461, 81, 3, '2016-05-28 14:48:38', '2016-05-28 14:48:38'),
(503, 84, 3, '2016-08-19 14:07:52', '2016-08-19 14:07:52'),
(502, 85, 3, '2016-08-19 14:07:29', '2016-08-19 14:07:29'),
(501, 86, 3, '2016-08-19 14:07:17', '2016-08-19 14:07:17'),
(500, 87, 1, '2016-08-19 14:06:35', '2016-08-19 14:06:35');

-- --------------------------------------------------------

--
-- テーブルの構造 `yarn_shapes`
--

CREATE TABLE IF NOT EXISTS `yarn_shapes` (
  `id` int(10) unsigned NOT NULL AUTO_INCREMENT,
  `yarn_id` int(10) unsigned NOT NULL,
  `shape_id` int(10) unsigned NOT NULL,
  `created` datetime DEFAULT NULL,
  `modified` datetime DEFAULT NULL,
  PRIMARY KEY (`id`)
) ENGINE=MyISAM  DEFAULT CHARSET=utf8 AUTO_INCREMENT=1514 ;

--
-- テーブルのデータのダンプ `yarn_shapes`
--

INSERT INTO `yarn_shapes` (`id`, `yarn_id`, `shape_id`, `created`, `modified`) VALUES
(1490, 1, 21, '2017-05-19 18:58:13', '2017-05-19 18:58:13'),
(1489, 1, 4, '2017-05-19 18:58:13', '2017-05-19 18:58:13'),
(1493, 2, 19, '2017-05-19 18:59:10', '2017-05-19 18:59:10'),
(1492, 2, 36, '2017-05-19 18:59:10', '2017-05-19 18:59:10'),
(1494, 3, 6, '2017-05-19 18:59:34', '2017-05-19 18:59:34'),
(1496, 4, 21, '2017-05-19 18:59:57', '2017-05-19 18:59:57'),
(1495, 4, 6, '2017-05-19 18:59:57', '2017-05-19 18:59:57'),
(1510, 7, 19, '2017-05-19 19:02:01', '2017-05-19 19:02:01'),
(1499, 5, 23, '2017-05-19 19:00:21', '2017-05-19 19:00:21'),
(1498, 5, 14, '2017-05-19 19:00:21', '2017-05-19 19:00:21'),
(1497, 5, 4, '2017-05-19 19:00:21', '2017-05-19 19:00:21'),
(1507, 6, 4, '2017-05-19 19:01:41', '2017-05-19 19:01:41'),
(1509, 7, 14, '2017-05-19 19:02:01', '2017-05-19 19:02:01'),
(1508, 7, 4, '2017-05-19 19:02:01', '2017-05-19 19:02:01'),
(1513, 8, 21, '2017-05-19 19:02:31', '2017-05-19 19:02:31'),
(1512, 8, 19, '2017-05-19 19:02:31', '2017-05-19 19:02:31'),
(1511, 8, 4, '2017-05-19 19:02:31', '2017-05-19 19:02:31'),
(1504, 9, 19, '2017-05-19 19:00:46', '2017-05-19 19:00:46'),
(1503, 9, 17, '2017-05-19 19:00:46', '2017-05-19 19:00:46'),
(1502, 9, 14, '2017-05-19 19:00:46', '2017-05-19 19:00:46'),
(1501, 9, 11, '2017-05-19 19:00:46', '2017-05-19 19:00:46'),
(1500, 9, 28, '2017-05-19 19:00:46', '2017-05-19 19:00:46'),
(1341, 85, 24, '2016-08-19 14:07:29', '2016-08-19 14:07:29'),
(1340, 85, 4, '2016-08-19 14:07:29', '2016-08-19 14:07:29'),
(1505, 10, 4, '2017-05-19 19:01:15', '2017-05-19 19:01:15'),
(1370, 11, 4, '2016-10-12 14:24:54', '2016-10-12 14:24:54'),
(1119, 12, 4, '2016-05-28 12:44:14', '2016-05-28 12:44:14'),
(1433, 13, 23, '2016-10-13 12:23:30', '2016-10-13 12:23:30'),
(1432, 13, 14, '2016-10-13 12:23:30', '2016-10-13 12:23:30'),
(1420, 79, 18, '2016-10-13 12:18:39', '2016-10-13 12:18:39'),
(1465, 14, 14, '2016-10-14 09:43:49', '2016-10-14 09:43:49'),
(1464, 14, 6, '2016-10-14 09:43:49', '2016-10-14 09:43:49'),
(1094, 32, 36, '2016-04-13 17:37:21', '2016-04-13 17:37:21'),
(1449, 15, 14, '2016-10-14 09:40:35', '2016-10-14 09:40:35'),
(1448, 15, 6, '2016-10-14 09:40:35', '2016-10-14 09:40:35'),
(931, 37, 18, '2016-04-11 11:44:46', '2016-04-11 11:44:46'),
(1463, 16, 14, '2016-10-14 09:42:39', '2016-10-14 09:42:39'),
(1462, 16, 6, '2016-10-14 09:42:39', '2016-10-14 09:42:39'),
(1373, 17, 36, '2016-10-12 14:27:11', '2016-10-12 14:27:11'),
(1372, 17, 11, '2016-10-12 14:27:11', '2016-10-12 14:27:11'),
(1371, 17, 7, '2016-10-12 14:27:11', '2016-10-12 14:27:11'),
(898, 18, 19, '2016-04-11 11:33:29', '2016-04-11 11:33:29'),
(897, 18, 16, '2016-04-11 11:33:29', '2016-04-11 11:33:29'),
(896, 18, 4, '2016-04-11 11:33:29', '2016-04-11 11:33:29'),
(901, 19, 19, '2016-04-11 11:34:16', '2016-04-11 11:34:16'),
(900, 19, 16, '2016-04-11 11:34:16', '2016-04-11 11:34:16'),
(899, 19, 4, '2016-04-11 11:34:16', '2016-04-11 11:34:16'),
(1357, 20, 21, '2016-08-30 16:15:51', '2016-08-30 16:15:51'),
(1356, 20, 11, '2016-08-30 16:15:51', '2016-08-30 16:15:51'),
(1355, 20, 5, '2016-08-30 16:15:51', '2016-08-30 16:15:51'),
(1389, 21, 14, '2016-10-13 12:09:14', '2016-10-13 12:09:14'),
(1388, 21, 6, '2016-10-13 12:09:14', '2016-10-13 12:09:14'),
(844, 22, 22, '2016-04-11 11:18:42', '2016-04-11 11:18:42'),
(843, 22, 14, '2016-04-11 11:18:42', '2016-04-11 11:18:42'),
(1174, 23, 22, '2016-05-28 13:14:17', '2016-05-28 13:14:17'),
(1173, 23, 21, '2016-05-28 13:14:17', '2016-05-28 13:14:17'),
(1096, 24, 19, '2016-04-14 15:54:42', '2016-04-14 15:54:42'),
(1095, 24, 4, '2016-04-14 15:54:42', '2016-04-14 15:54:42'),
(1051, 25, 19, '2016-04-12 16:08:20', '2016-04-12 16:08:20'),
(1050, 25, 16, '2016-04-12 16:08:20', '2016-04-12 16:08:20'),
(1049, 26, 20, '2016-04-12 16:05:55', '2016-04-12 16:05:55'),
(1048, 26, 19, '2016-04-12 16:05:55', '2016-04-12 16:05:55'),
(1047, 26, 16, '2016-04-12 16:05:55', '2016-04-12 16:05:55'),
(1053, 27, 19, '2016-04-12 16:09:16', '2016-04-12 16:09:16'),
(1052, 27, 16, '2016-04-12 16:09:16', '2016-04-12 16:09:16'),
(888, 28, 19, '2016-04-11 11:31:56', '2016-04-11 11:31:56'),
(887, 28, 16, '2016-04-11 11:31:56', '2016-04-11 11:31:56'),
(886, 29, 19, '2016-04-11 11:31:37', '2016-04-11 11:31:37'),
(885, 29, 4, '2016-04-11 11:31:37', '2016-04-11 11:31:37'),
(1461, 49, 18, '2016-10-14 09:42:11', '2016-10-14 09:42:11'),
(1201, 30, 23, '2016-05-28 13:34:04', '2016-05-28 13:34:04'),
(1200, 30, 14, '2016-05-28 13:34:04', '2016-05-28 13:34:04'),
(1324, 81, 15, '2016-05-28 14:48:38', '2016-05-28 14:48:38'),
(1323, 81, 11, '2016-05-28 14:48:38', '2016-05-28 14:48:38'),
(1118, 31, 19, '2016-05-20 11:33:11', '2016-05-20 11:33:11'),
(1117, 31, 14, '2016-05-20 11:33:11', '2016-05-20 11:33:11'),
(1116, 31, 4, '2016-05-20 11:33:11', '2016-05-20 11:33:11'),
(1093, 32, 30, '2016-04-13 17:37:21', '2016-04-13 17:37:21'),
(1182, 33, 22, '2016-05-28 13:21:44', '2016-05-28 13:21:44'),
(1181, 33, 19, '2016-05-28 13:21:44', '2016-05-28 13:21:44'),
(1180, 33, 14, '2016-05-28 13:21:44', '2016-05-28 13:21:44'),
(911, 34, 6, '2016-04-11 11:39:20', '2016-04-11 11:39:20'),
(910, 34, 3, '2016-04-11 11:39:20', '2016-04-11 11:39:20'),
(1046, 35, 19, '2016-04-12 16:02:07', '2016-04-12 16:02:07'),
(1045, 35, 16, '2016-04-12 16:02:07', '2016-04-12 16:02:07'),
(1044, 35, 4, '2016-04-12 16:02:07', '2016-04-12 16:02:07'),
(1043, 35, 3, '2016-04-12 16:02:07', '2016-04-12 16:02:07'),
(1042, 36, 19, '2016-04-12 13:44:03', '2016-04-12 13:44:03'),
(1041, 36, 16, '2016-04-12 13:44:03', '2016-04-12 13:44:03'),
(1040, 36, 4, '2016-04-12 13:44:03', '2016-04-12 13:44:03'),
(1039, 36, 3, '2016-04-12 13:44:03', '2016-04-12 13:44:03'),
(930, 37, 13, '2016-04-11 11:44:46', '2016-04-11 11:44:46'),
(929, 37, 11, '2016-04-11 11:44:46', '2016-04-11 11:44:46'),
(1453, 50, 18, '2016-10-14 09:41:07', '2016-10-14 09:41:07'),
(1457, 51, 18, '2016-10-14 09:41:52', '2016-10-14 09:41:52'),
(1176, 38, 14, '2016-05-28 13:16:29', '2016-05-28 13:16:29'),
(1175, 38, 4, '2016-05-28 13:16:29', '2016-05-28 13:16:29'),
(881, 39, 19, '2016-04-11 11:30:55', '2016-04-11 11:30:55'),
(880, 39, 4, '2016-04-11 11:30:55', '2016-04-11 11:30:55'),
(1359, 40, 11, '2016-08-30 16:16:24', '2016-08-30 16:16:24'),
(1358, 40, 7, '2016-08-30 16:16:24', '2016-08-30 16:16:24'),
(1092, 71, 36, '2016-04-13 09:33:26', '2016-04-13 09:33:26'),
(1377, 41, 21, '2016-10-12 14:27:52', '2016-10-12 14:27:52'),
(1376, 41, 36, '2016-10-12 14:27:52', '2016-10-12 14:27:52'),
(1375, 41, 11, '2016-10-12 14:27:52', '2016-10-12 14:27:52'),
(1374, 41, 5, '2016-10-12 14:27:52', '2016-10-12 14:27:52'),
(1429, 42, 19, '2016-10-13 12:20:53', '2016-10-13 12:20:53'),
(1428, 42, 16, '2016-10-13 12:20:53', '2016-10-13 12:20:53'),
(1427, 42, 3, '2016-10-13 12:20:53', '2016-10-13 12:20:53'),
(1209, 43, 21, '2016-05-28 13:37:00', '2016-05-28 13:37:00'),
(1208, 43, 36, '2016-05-28 13:37:00', '2016-05-28 13:37:00'),
(1207, 43, 11, '2016-05-28 13:37:00', '2016-05-28 13:37:00'),
(1206, 43, 5, '2016-05-28 13:37:00', '2016-05-28 13:37:00'),
(1210, 44, 6, '2016-05-28 13:38:59', '2016-05-28 13:38:59'),
(1397, 45, 20, '2016-10-13 12:12:00', '2016-10-13 12:12:00'),
(1396, 45, 6, '2016-10-13 12:12:00', '2016-10-13 12:12:00'),
(1487, 46, 22, '2017-05-19 18:38:10', '2017-05-19 18:38:10'),
(1486, 46, 14, '2017-05-19 18:38:10', '2017-05-19 18:38:10'),
(697, 47, 14, '2016-04-08 14:57:44', '2016-04-08 14:57:44'),
(696, 47, 7, '2016-04-08 14:57:44', '2016-04-08 14:57:44'),
(1033, 48, 13, '2016-04-12 11:18:47', '2016-04-12 11:18:47'),
(1032, 48, 11, '2016-04-12 11:18:47', '2016-04-12 11:18:47'),
(1031, 48, 3, '2016-04-12 11:18:47', '2016-04-12 11:18:47'),
(1460, 49, 14, '2016-10-14 09:42:11', '2016-10-14 09:42:11'),
(1459, 49, 13, '2016-10-14 09:42:11', '2016-10-14 09:42:11'),
(1458, 49, 11, '2016-10-14 09:42:11', '2016-10-14 09:42:11'),
(1452, 50, 14, '2016-10-14 09:41:07', '2016-10-14 09:41:07'),
(1451, 50, 13, '2016-10-14 09:41:07', '2016-10-14 09:41:07'),
(1450, 50, 11, '2016-10-14 09:41:07', '2016-10-14 09:41:07'),
(1456, 51, 14, '2016-10-14 09:41:52', '2016-10-14 09:41:52'),
(1455, 51, 13, '2016-10-14 09:41:52', '2016-10-14 09:41:52'),
(1454, 51, 11, '2016-10-14 09:41:52', '2016-10-14 09:41:52'),
(1316, 74, 22, '2016-05-28 13:56:51', '2016-05-28 13:56:51'),
(1413, 52, 14, '2016-10-13 12:17:17', '2016-10-13 12:17:17'),
(1412, 52, 6, '2016-10-13 12:17:17', '2016-10-13 12:17:17'),
(1296, 75, 22, '2016-05-28 13:55:23', '2016-05-28 13:55:23'),
(982, 53, 14, '2016-04-11 11:53:12', '2016-04-11 11:53:12'),
(981, 53, 4, '2016-04-11 11:53:12', '2016-04-11 11:53:12'),
(1295, 75, 21, '2016-05-28 13:55:23', '2016-05-28 13:55:23'),
(1220, 54, 22, '2016-05-28 13:44:24', '2016-05-28 13:44:24'),
(1219, 54, 14, '2016-05-28 13:44:24', '2016-05-28 13:44:24'),
(1488, 1, 30, '2017-05-19 18:58:13', '2017-05-19 18:58:13'),
(986, 55, 19, '2016-04-11 11:53:44', '2016-04-11 11:53:44'),
(985, 55, 14, '2016-04-11 11:53:44', '2016-04-11 11:53:44'),
(984, 55, 4, '2016-04-11 11:53:44', '2016-04-11 11:53:44'),
(983, 55, 29, '2016-04-11 11:53:44', '2016-04-11 11:53:44'),
(1060, 65, 36, '2016-04-13 09:00:23', '2016-04-13 09:00:23'),
(1506, 6, 30, '2017-05-19 19:01:41', '2017-05-19 19:01:41'),
(991, 56, 18, '2016-04-11 11:53:58', '2016-04-11 11:53:58'),
(990, 56, 14, '2016-04-11 11:53:58', '2016-04-11 11:53:58'),
(989, 56, 13, '2016-04-11 11:53:58', '2016-04-11 11:53:58'),
(988, 56, 11, '2016-04-11 11:53:58', '2016-04-11 11:53:58'),
(987, 56, 29, '2016-04-11 11:53:58', '2016-04-11 11:53:58'),
(1330, 57, 19, '2016-05-30 13:56:15', '2016-05-30 13:56:15'),
(1329, 57, 14, '2016-05-30 13:56:15', '2016-05-30 13:56:15'),
(1328, 57, 4, '2016-05-30 13:56:15', '2016-05-30 13:56:15'),
(1339, 85, 29, '2016-08-19 14:07:29', '2016-08-19 14:07:29'),
(1338, 86, 24, '2016-08-19 14:07:17', '2016-08-19 14:07:17'),
(1337, 86, 4, '2016-08-19 14:07:17', '2016-08-19 14:07:17'),
(1336, 86, 29, '2016-08-19 14:07:17', '2016-08-19 14:07:17'),
(1335, 87, 4, '2016-08-19 14:06:35', '2016-08-19 14:06:35'),
(1315, 74, 21, '2016-05-28 13:56:51', '2016-05-28 13:56:51'),
(963, 59, 16, '2016-04-11 11:49:10', '2016-04-11 11:49:10'),
(962, 59, 14, '2016-04-11 11:49:10', '2016-04-11 11:49:10'),
(961, 59, 11, '2016-04-11 11:49:10', '2016-04-11 11:49:10'),
(1179, 60, 19, '2016-05-28 13:17:15', '2016-05-28 13:17:15'),
(1178, 60, 16, '2016-05-28 13:17:15', '2016-05-28 13:17:15'),
(1431, 61, 19, '2016-10-13 12:21:38', '2016-10-13 12:21:38'),
(1430, 61, 16, '2016-10-13 12:21:38', '2016-10-13 12:21:38'),
(1468, 83, 24, '2017-05-19 18:04:46', '2017-05-19 18:04:46'),
(1099, 62, 23, '2016-04-14 15:55:51', '2016-04-14 15:55:51'),
(1098, 62, 14, '2016-04-14 15:55:51', '2016-04-14 15:55:51'),
(1097, 62, 4, '2016-04-14 15:55:51', '2016-04-14 15:55:51'),
(1034, 48, 18, '2016-04-12 11:18:47', '2016-04-12 11:18:47'),
(1030, 63, 19, '2016-04-12 11:17:04', '2016-04-12 11:17:04'),
(1029, 63, 14, '2016-04-12 11:17:04', '2016-04-12 11:17:04'),
(1028, 63, 4, '2016-04-12 11:17:04', '2016-04-12 11:17:04'),
(1333, 64, 21, '2016-05-31 10:35:00', '2016-05-31 10:35:00'),
(1332, 64, 19, '2016-05-31 10:35:00', '2016-05-31 10:35:00'),
(1331, 64, 11, '2016-05-31 10:35:00', '2016-05-31 10:35:00'),
(1059, 65, 30, '2016-04-13 09:00:23', '2016-04-13 09:00:23'),
(1467, 83, 14, '2017-05-19 18:04:46', '2017-05-19 18:04:46'),
(1354, 66, 19, '2016-08-30 16:15:13', '2016-08-30 16:15:13'),
(1353, 66, 16, '2016-08-30 16:15:13', '2016-08-30 16:15:13'),
(1352, 66, 13, '2016-08-30 16:15:13', '2016-08-30 16:15:13'),
(1466, 83, 4, '2017-05-19 18:04:46', '2017-05-19 18:04:46'),
(1351, 67, 20, '2016-08-30 16:14:57', '2016-08-30 16:14:57'),
(1350, 67, 19, '2016-08-30 16:14:57', '2016-08-30 16:14:57'),
(1349, 67, 16, '2016-08-30 16:14:57', '2016-08-30 16:14:57'),
(1348, 67, 13, '2016-08-30 16:14:57', '2016-08-30 16:14:57'),
(1491, 2, 4, '2017-05-19 18:59:10', '2017-05-19 18:59:10'),
(1172, 68, 19, '2016-05-28 13:13:41', '2016-05-28 13:13:41'),
(1171, 68, 14, '2016-05-28 13:13:41', '2016-05-28 13:13:41'),
(1170, 68, 4, '2016-05-28 13:13:41', '2016-05-28 13:13:41'),
(925, 69, 19, '2016-04-11 11:43:18', '2016-04-11 11:43:18'),
(924, 69, 14, '2016-04-11 11:43:18', '2016-04-11 11:43:18'),
(923, 69, 4, '2016-04-11 11:43:18', '2016-04-11 11:43:18'),
(1344, 84, 24, '2016-08-19 14:07:52', '2016-08-19 14:07:52'),
(928, 70, 19, '2016-04-11 11:43:57', '2016-04-11 11:43:57'),
(927, 70, 16, '2016-04-11 11:43:57', '2016-04-11 11:43:57'),
(926, 70, 4, '2016-04-11 11:43:57', '2016-04-11 11:43:57'),
(1091, 71, 14, '2016-04-13 09:33:26', '2016-04-13 09:33:26'),
(1090, 71, 4, '2016-04-13 09:33:26', '2016-04-13 09:33:26'),
(1416, 72, 22, '2016-10-13 12:18:00', '2016-10-13 12:18:00'),
(1415, 72, 21, '2016-10-13 12:18:00', '2016-10-13 12:18:00'),
(1414, 72, 14, '2016-10-13 12:18:00', '2016-10-13 12:18:00'),
(1343, 84, 14, '2016-08-19 14:07:52', '2016-08-19 14:07:52'),
(1327, 73, 19, '2016-05-28 14:48:52', '2016-05-28 14:48:52'),
(1326, 73, 14, '2016-05-28 14:48:52', '2016-05-28 14:48:52'),
(1325, 73, 4, '2016-05-28 14:48:52', '2016-05-28 14:48:52'),
(1314, 74, 14, '2016-05-28 13:56:51', '2016-05-28 13:56:51'),
(1313, 74, 8, '2016-05-28 13:56:51', '2016-05-28 13:56:51'),
(1294, 75, 14, '2016-05-28 13:55:23', '2016-05-28 13:55:23'),
(1293, 75, 8, '2016-05-28 13:55:23', '2016-05-28 13:55:23'),
(1319, 76, 22, '2016-05-28 13:57:39', '2016-05-28 13:57:39'),
(1318, 76, 21, '2016-05-28 13:57:39', '2016-05-28 13:57:39'),
(1317, 76, 14, '2016-05-28 13:57:39', '2016-05-28 13:57:39'),
(1322, 77, 22, '2016-05-28 13:58:55', '2016-05-28 13:58:55'),
(1321, 77, 14, '2016-05-28 13:58:55', '2016-05-28 13:58:55'),
(1320, 77, 8, '2016-05-28 13:58:55', '2016-05-28 13:58:55'),
(1177, 60, 7, '2016-05-28 13:17:15', '2016-05-28 13:17:15'),
(823, 78, 15, '2016-04-11 10:54:20', '2016-04-11 10:54:20'),
(822, 78, 11, '2016-04-11 10:54:20', '2016-04-11 10:54:20'),
(1419, 79, 14, '2016-10-13 12:18:39', '2016-10-13 12:18:39'),
(1418, 79, 13, '2016-10-13 12:18:39', '2016-10-13 12:18:39'),
(1417, 79, 11, '2016-10-13 12:18:39', '2016-10-13 12:18:39'),
(1342, 84, 4, '2016-08-19 14:07:52', '2016-08-19 14:07:52'),
(821, 80, 23, '2016-04-11 10:53:59', '2016-04-11 10:53:59'),
(820, 80, 4, '2016-04-11 10:53:59', '2016-04-11 10:53:59');

/*!40101 SET CHARACTER_SET_CLIENT=@OLD_CHARACTER_SET_CLIENT */;
/*!40101 SET CHARACTER_SET_RESULTS=@OLD_CHARACTER_SET_RESULTS */;
/*!40101 SET COLLATION_CONNECTION=@OLD_COLLATION_CONNECTION */;
